class,class_index,n_positives,positive_ratio,is_rare,f1_score,pr_auc,pr_auc_ci_lower,pr_auc_ci_upper,roc_auc,roc_auc_ci_lower,roc_auc_ci_upper,optimal_threshold
Class_0,0,21,0.13636363636363635,False,0.8181818181818182,0.8513649879325899,0.6926281744403286,0.9673301714825817,0.9588256355173649,0.9035771985308841,0.9942455153524239,0.3929545
Class_1,1,1,0.006493506493506494,True,0.3333333333333333,0.2,0.0,0.6006249999999994,0.9738562091503267,,,0.09292304
Class_2,2,31,0.2012987012987013,False,0.7666666666666667,0.7781646728742962,0.6369818273655832,0.9076199261909277,0.9108313663781799,0.8474490843816938,0.9602232549662839,0.5908111
Class_3,3,67,0.43506493506493504,False,0.9078014184397163,0.9345918633126346,0.8673091390968221,0.9822865815641348,0.9608852290272775,0.9285151342767072,0.985921321850019,0.545143
Class_4,4,36,0.23376623376623376,False,0.9014084507042254,0.9580071014160363,0.9077999668945639,0.9924086926883441,0.9821092278719397,0.9617550709939149,0.996690176950998,0.5352941
Class_5,5,3,0.01948051948051948,True,0.75,0.7555555555555555,0.0,1.0,0.9933774834437087,,,0.08299004
