class,class_index,n_positives,positive_ratio,is_rare,f1_score,pr_auc,pr_auc_ci_lower,pr_auc_ci_upper,roc_auc,roc_auc_ci_lower,roc_auc_ci_upper,optimal_threshold
Class_0,0,28,0.18181818181818182,False,0.9056603773584906,0.9613465781882372,0.8900855167441833,0.9979166666666666,0.9818594104308391,0.9475923733788014,0.9996686503189023,0.94826037
Class_1,1,1,0.006493506493506494,True,0.05,0.02564102564102564,0.0,0.08571428571428572,0.7516339869281046,,,0.008016482
Class_2,2,27,0.17532467532467533,False,0.7368421052631579,0.7389593064910577,0.565742010898959,0.8712638755796657,0.9163021289005542,0.8478471360628618,0.9677254490907071,0.4073264
Class_3,3,67,0.43506493506493504,False,0.8837209302325582,0.9609174393792264,0.9244882249955222,0.9840075435741472,0.9675759135357695,0.9428701939363144,0.985975351956058,0.44931155
Class_4,4,35,0.22727272727272727,False,0.8823529411764706,0.9318791083364236,0.8615929099038576,0.9828425403075318,0.9795918367346939,0.9598373505969288,0.9935986413724017,0.888875
Class_5,5,1,0.006493506493506494,True,1.0,1.0,0.0,1.0,1.0,,,0.64511955
