class,class_index,n_positives,positive_ratio,is_rare,f1_score,pr_auc,pr_auc_ci_lower,pr_auc_ci_upper,roc_auc,roc_auc_ci_lower,roc_auc_ci_upper,optimal_threshold
Class_0,0,25,0.16339869281045752,False,0.8571428571428571,0.9339146312872384,0.8502694765261902,0.9857323232323234,0.9840625000000001,0.9649970735785954,0.995891443558006,0.4372933
Class_1,1,2,0.013071895424836602,True,0.25,0.09496124031007752,0.0,0.5,0.7052980132450332,,,0.0566443
Class_2,2,25,0.16339869281045752,False,0.8148148148148148,0.7253629823025713,0.5545411363968604,0.9322971161741005,0.96046875,0.9269839397311472,0.9865702774498228,0.57617986
Class_3,3,71,0.46405228758169936,False,0.8767123287671232,0.9463900026128691,0.9067053207378791,0.9755626604111384,0.94666781174854,0.9079464105215688,0.9754537210043538,0.52166694
Class_4,4,38,0.24836601307189543,False,0.8181818181818182,0.9007063847883641,0.8170331348788703,0.9595017168368438,0.962929061784897,0.9362016434092257,0.983540263748597,0.34026504
Class_5,5,1,0.006535947712418301,True,1.0,1.0,0.0,1.0,1.0,,,0.16712989
