class,class_index,n_positives,positive_ratio,is_rare,f1_score,pr_auc,pr_auc_ci_lower,pr_auc_ci_upper,roc_auc,roc_auc_ci_lower,roc_auc_ci_upper,optimal_threshold
Class_0,0,24,0.15584415584415584,False,0.8846153846153846,0.8955189713113896,0.7638126376592403,0.9866185515873015,0.9724358974358973,0.9349087465564738,0.9977565298507463,0.038147423
Class_1,1,0,0.0,True,0.0,0.0,0.0,0.0,,,,1.077732e-09
Class_2,2,27,0.17532467532467533,False,0.7761194029850746,0.8079485748148347,0.6574844433690683,0.9304785636923008,0.9582968795567219,0.9283697579107891,0.9839553517408584,0.18075076
Class_3,3,78,0.5064935064935064,False,0.8957055214723927,0.9666222747656408,0.9391056947001569,0.9860685535338095,0.9610323886639677,0.9319689239332097,0.9843168604651162,0.36157513
Class_4,4,36,0.23376623376623376,False,0.9315068493150684,0.9730303355303355,0.9330995181161008,0.9977451345270854,0.9884651600753296,0.9730023556991524,0.9992315573770492,0.40099326
Class_5,5,2,0.012987012987012988,True,0.5,0.2620481927710843,0.0,1.0,0.7302631578947368,,,0.0335402
