class,class_index,n_positives,positive_ratio,is_rare,f1_score,pr_auc,pr_auc_ci_lower,pr_auc_ci_upper,roc_auc,roc_auc_ci_lower,roc_auc_ci_upper,optimal_threshold
Class_0,0,35,0.22875816993464052,False,0.9014084507042254,0.9070455963263422,0.800543326467334,0.9897630537802704,0.9767554479418886,0.9524287055975719,0.9960413148525414,0.8772299
Class_1,1,1,0.006535947712418301,True,1.0,1.0,0.0,1.0,1.0,,,0.20801604
Class_2,2,24,0.1568627450980392,False,0.76,0.8266596120073847,0.6774134676425777,0.9281787453718441,0.9505813953488372,0.9078097621009715,0.9799748062015505,0.61451894
Class_3,3,54,0.35294117647058826,False,0.8849557522123894,0.9381467139271886,0.879906395516466,0.9771300745391407,0.9674523007856342,0.9428347103114559,0.9871160907793421,0.3534623
Class_4,4,39,0.2549019607843137,False,0.9041095890410958,0.9480680127545904,0.890899404250262,0.9881010071906812,0.9680611785874944,0.9312951867061847,0.9957110881542699,0.35598874
Class_5,5,3,0.0196078431372549,True,0.6666666666666666,0.42592592592592593,0.0,1.0,0.9422222222222222,,,0.96884567
