class,class_index,n_positives,positive_ratio,is_rare,f1_score,pr_auc,pr_auc_ci_lower,pr_auc_ci_upper,roc_auc,roc_auc_ci_lower,roc_auc_ci_upper,optimal_threshold
Class_0,0,28,0.18181818181818182,False,0.9333333333333333,0.9857308963011727,0.9597521665830938,1.0,0.9965986394557823,0.9906672938204154,1.0,0.74398845
Class_1,1,1,0.006493506493506494,True,0.2222222222222222,0.125,0.0,0.5,0.9542483660130718,,,0.043273
Class_2,2,27,0.17532467532467533,False,0.7346938775510204,0.8014275610481638,0.6525776303553399,0.9272670751483477,0.9466316710411198,0.9062169637649461,0.9790458001768346,0.6654782
Class_3,3,67,0.43506493506493504,False,0.8888888888888888,0.9588742371109976,0.9243360316922151,0.9824355133517777,0.9665465774575399,0.943618084698731,0.9860558390022676,0.34311834
Class_4,4,35,0.22727272727272727,False,0.8888888888888888,0.9629020315730442,0.9168358398285194,0.9904572230689611,0.9875150060024009,0.9743044521931371,0.9972366141704615,0.4207192
Class_5,5,1,0.006493506493506494,True,1.0,1.0,0.0,1.0,1.0,,,0.38100916
