class,class_index,n_positives,positive_ratio,is_rare,f1_score,pr_auc,pr_auc_ci_lower,pr_auc_ci_upper,roc_auc,roc_auc_ci_lower,roc_auc_ci_upper,optimal_threshold
Class_0,0,177,0.3094405594405594,False,0.6689419795221843,0.8059248659421422,0.7453436435048647,0.8660082868589196,0.9168704855896446,0.89239437766332,0.9376579474905238,0.9017374
Class_1,1,22,0.038461538461538464,True,0.16,0.15125022679952208,0.07824863028886744,0.31863805557917246,0.8050413223140496,0.7201543371876092,0.8786783785761929,0.013041216
Class_2,2,100,0.17482517482517482,False,0.36538461538461536,0.31245018380851236,0.24932909272930742,0.39650668478020173,0.7206779661016949,0.6727283329656144,0.7675215160510688,0.40992934
Class_3,3,246,0.43006993006993005,False,0.2014388489208633,0.7675495771588545,0.7098484113971004,0.8239126294857393,0.8284951867923588,0.7941535087719298,0.8606027017236629,0.86897737
Class_4,4,47,0.08216783216783216,False,0.41379310344827586,0.4927557032162673,0.34485470852061223,0.6481321174074621,0.8418642350557244,0.7688345360524166,0.9078929551160129,0.2763782
Class_5,5,10,0.017482517482517484,True,0.1702127659574468,0.16624843269855738,0.020145959795571804,0.42910670328885897,0.6711743772241993,,,0.009311134
