class,class_index,n_positives,positive_ratio,is_rare,f1_score,pr_auc,pr_auc_ci_lower,pr_auc_ci_upper,roc_auc,roc_auc_ci_lower,roc_auc_ci_upper,optimal_threshold
Class_0,0,28,0.18181818181818182,False,0.8518518518518519,0.8973049999568858,0.7813090030691925,0.9782781229715161,0.9742063492063492,0.9495443822690367,0.9933919026264714,0.7154356
Class_1,1,1,0.006493506493506494,True,0.031746031746031744,0.016129032258064516,0.0,0.058823529411764705,0.6013071895424836,,,0.004053476
Class_2,2,32,0.2077922077922078,False,0.8,0.8793259941200021,0.7869998935363421,0.9472243559539916,0.9567110655737705,0.9219141944348556,0.9837600348180265,0.5091445
Class_3,3,60,0.38961038961038963,False,0.8656716417910447,0.9349361006219177,0.890021966739456,0.9723219636690942,0.9565602836879432,0.9260527299103218,0.9806131774291478,0.5726056
Class_4,4,37,0.24025974025974026,False,0.8450704225352113,0.9253804107251637,0.871573125474113,0.9717737008049792,0.9704319704319704,0.9437182117443302,0.9895311255120397,0.16956474
Class_5,5,3,0.01948051948051948,True,0.5,0.4162569649295313,0.0,1.0,0.7417218543046357,,,0.47140694
