class,class_index,n_positives,positive_ratio,is_rare,f1_score,pr_auc,pr_auc_ci_lower,pr_auc_ci_upper,roc_auc,roc_auc_ci_lower,roc_auc_ci_upper,optimal_threshold
Class_0,0,35,0.22875816993464052,False,0.8947368421052632,0.9595378140438799,0.9091411580721025,0.991718035568155,0.9876513317191283,0.9729336043360434,0.9975609756097561,0.80141956
Class_1,1,1,0.006535947712418301,True,0.6666666666666666,0.5,0.0,1.0,0.9934210526315789,,,0.13884477
Class_2,2,24,0.1568627450980392,False,0.6909090909090909,0.7788083904555486,0.6294304105230334,0.9037012739176407,0.912467700258398,0.8423323525432901,0.9672170554087876,0.05375841
Class_3,3,54,0.35294117647058826,False,0.9043478260869565,0.9166145936572685,0.8432453135452919,0.9708171448237164,0.9612794612794613,0.9320827040632866,0.984478075422738,0.8552148
Class_4,4,39,0.2549019607843137,False,0.8641975308641975,0.9247462796562347,0.8510296593155632,0.9723596513606069,0.9709851551956815,0.9451281621524985,0.9905670869901789,0.14334516
Class_5,5,3,0.0196078431372549,True,0.5,0.3055555555555555,0.0,0.7769787157287156,0.9711111111111111,,,0.08590286
