class,class_index,n_positives,positive_ratio,is_rare,f1_score,pr_auc,pr_auc_ci_lower,pr_auc_ci_upper,roc_auc,roc_auc_ci_lower,roc_auc_ci_upper,optimal_threshold
Class_0,0,177,0.3094405594405594,False,0.6051660516605166,0.8072912968837085,0.7459601931357159,0.8654203867225183,0.8956590145176286,0.865520545996381,0.9245957636954069,0.8869989
Class_1,1,22,0.038461538461538464,True,0.1702127659574468,0.20035785396524575,0.07178218404394064,0.3528087977662053,0.7541322314049588,0.6471468485987203,0.8446461173833089,0.064326294
Class_2,2,100,0.17482517482517482,False,0.3470031545741325,0.2709217148695362,0.21070020032875167,0.3543439203653197,0.6877542372881356,0.6343347559851026,0.7343948845102847,0.35583198
Class_3,3,246,0.43006993006993005,False,0.20279720279720279,0.7191292567052021,0.6574940545905726,0.7804183695563761,0.8277968976008778,0.793292288283644,0.8606481686300181,0.9057487
Class_4,4,47,0.08216783216783216,False,0.3523809523809524,0.38345959207308705,0.26161985417831063,0.5496260845313453,0.839918946301925,0.7740952380952383,0.8985968867898372,0.3244467
Class_5,5,10,0.017482517482517484,True,0.16666666666666666,0.15307993289151112,0.019036155641242572,0.39088439848110507,0.7346975088967971,0.5557448228212313,0.8857155566853075,0.34594858
