class,class_index,n_positives,positive_ratio,is_rare,f1_score,pr_auc,pr_auc_ci_lower,pr_auc_ci_upper,roc_auc,roc_auc_ci_lower,roc_auc_ci_upper,optimal_threshold
Class_0,0,28,0.18181818181818182,False,0.9433962264150944,0.9713458584426327,0.927584685091875,1.0,0.9912131519274376,0.9774449252557041,1.0,0.87710243
Class_1,1,1,0.006493506493506494,True,0.2,0.1111111111111111,0.0,0.3752403846153844,0.9477124183006536,,,0.042207304
Class_2,2,27,0.17532467532467533,False,0.7407407407407407,0.7727958957933954,0.6107129963414583,0.8984734648339346,0.9294254884806067,0.8888124979925698,0.9693631471617519,0.59698963
Class_3,3,67,0.43506493506493504,False,0.863013698630137,0.9486128057028548,0.9084065304889503,0.9774635387288982,0.9559101046491679,0.9246437278368794,0.9792498517976079,0.27142152
Class_4,4,35,0.22727272727272727,False,0.8831168831168831,0.9528465316228376,0.8948925032325084,0.9894707877593628,0.9858343337334934,0.9702234220134335,0.9966399304549406,0.119383484
Class_5,5,1,0.006493506493506494,True,1.0,1.0,0.0,1.0,1.0,,,0.91098726
