class,class_index,n_positives,positive_ratio,is_rare,f1_score,pr_auc,pr_auc_ci_lower,pr_auc_ci_upper,roc_auc,roc_auc_ci_lower,roc_auc_ci_upper,optimal_threshold
Class_0,0,71,0.17317073170731706,False,0.8082191780821918,0.8626758172943604,0.7753379400655475,0.933779498032298,0.9726203830653538,0.9562007431458819,0.9848469238332554,0.7885565
Class_1,1,3,0.007317073170731708,True,0.16666666666666666,0.35683720930232554,0.0,1.0,0.8665028665028666,,,0.013611656
Class_2,2,81,0.1975609756097561,False,0.8048780487804879,0.8701077474507596,0.8026931948201458,0.9275010691904153,0.9509925325528161,0.9195728137692424,0.974920401425269,0.5977732
Class_3,3,176,0.4292682926829268,False,0.844311377245509,0.9305452508464801,0.887846280895981,0.9638985926477335,0.95750777000777,0.9395709011826581,0.9742827424021087,0.7196824
Class_4,4,93,0.22682926829268293,False,0.8064516129032258,0.9072300151999345,0.8565635747410218,0.9469842798861218,0.9607883043316036,0.9369916021885708,0.9789457041575517,0.51945937
Class_5,5,10,0.024390243902439025,True,0.4,0.5374165143571145,0.227515154575988,0.8185267857142856,0.92325,0.831046115339146,0.9935802469135802,0.091632664
