class,class_index,n_positives,positive_ratio,is_rare,f1_score,pr_auc,pr_auc_ci_lower,pr_auc_ci_upper,roc_auc,roc_auc_ci_lower,roc_auc_ci_upper,optimal_threshold
Class_0,0,29,0.1895424836601307,False,0.8666666666666667,0.9289514993620119,0.8551276676834801,0.9845193045652605,0.9808120133481646,0.9576640787647467,0.9954907777860974,0.026985528
Class_1,1,0,0.0,True,0.0,0.0,0.0,0.0,,,,1.5796097e-05
Class_2,2,22,0.1437908496732026,False,0.5185185185185185,0.5567151146088203,0.3665303569155834,0.7291227335996476,0.8115891741845941,0.7071144538974197,0.904684265010352,0.28219888
Class_3,3,63,0.4117647058823529,False,0.8493150684931506,0.8945859816355788,0.8211376671524018,0.9512574162971861,0.9305114638447971,0.8841259009807397,0.965609548953564,0.44397965
Class_4,4,43,0.28104575163398693,False,0.8095238095238095,0.889625857163356,0.8119339254927773,0.94677876528739,0.9359408033826639,0.8913478152929494,0.9704080019869494,0.13375452
Class_5,5,3,0.0196078431372549,True,0.5,0.4205653021442495,0.0,1.0,0.8222222222222222,,,0.23853596
