class,class_index,n_positives,positive_ratio,is_rare,f1_score,pr_auc,pr_auc_ci_lower,pr_auc_ci_upper,roc_auc,roc_auc_ci_lower,roc_auc_ci_upper,optimal_threshold
Class_0,0,21,0.13636363636363635,False,0.8636363636363636,0.8720108109254536,0.7255966893813088,0.9872951059651712,0.983172216254923,0.962953216374269,0.9968992648472036,0.2845905
Class_1,1,1,0.006493506493506494,True,0.0392156862745098,0.02,0.0,0.06557377049180328,0.6797385620915033,,,0.0011480766
Class_2,2,31,0.2012987012987013,False,0.8333333333333334,0.8773750193801475,0.7667529876655115,0.9540382593868332,0.9530553370049829,0.9087165005952017,0.984889545811494,0.3972387
Class_3,3,67,0.43506493506493504,False,0.9051094890510949,0.959622541672134,0.9231514812602634,0.9868197828029316,0.9708354777834962,0.9453871599449559,0.9895864675998604,0.7544942
Class_4,4,36,0.23376623376623376,False,0.9117647058823529,0.9545284431623494,0.906975020083952,0.9881189256757722,0.9799905838041432,0.9554203673392724,0.9961644657863146,0.8658663
Class_5,5,3,0.01948051948051948,True,0.5714285714285714,0.55,0.0,1.0,0.9580573951434879,,,0.22673886
