class,class_index,n_positives,positive_ratio,is_rare,f1_score,pr_auc,pr_auc_ci_lower,pr_auc_ci_upper,roc_auc,roc_auc_ci_lower,roc_auc_ci_upper,optimal_threshold
Class_0,0,28,0.18181818181818182,False,0.9454545454545454,0.9849642349357718,0.9569795330986063,1.0,0.9963151927437641,0.9894573643410853,1.0,0.941262
Class_1,1,1,0.006493506493506494,True,0.4,0.25,0.0,1.0,0.9803921568627451,,,0.12279769
Class_2,2,27,0.17532467532467533,False,0.7586206896551724,0.7566503962767503,0.5866028379526188,0.9054627924402906,0.9410906969962087,0.8958862556718352,0.9756626346982759,0.1620977
Class_3,3,67,0.43506493506493504,False,0.9197080291970803,0.9625598176778359,0.9298299553900197,0.9858292309127357,0.970663921770458,0.9460866968244788,0.9895429246078596,0.5597745
Class_4,4,35,0.22727272727272727,False,0.8888888888888888,0.9611049260677815,0.9168195824155839,0.9899922354269117,0.9872749099639856,0.9734621897004416,0.9975048548094374,0.2537862
Class_5,5,1,0.006493506493506494,True,1.0,1.0,0.0,1.0,1.0,,,0.84432256
