class,class_index,n_positives,positive_ratio,is_rare,f1_score,pr_auc,pr_auc_ci_lower,pr_auc_ci_upper,roc_auc,roc_auc_ci_lower,roc_auc_ci_upper,optimal_threshold
Class_0,0,24,0.15584415584415584,False,0.9019607843137255,0.9436388675066212,0.8606234172865578,0.9911778559249788,0.9826923076923076,0.949990671641791,0.9987606495974956,0.5025811
Class_1,1,0,0.0,True,0.0,0.0,0.0,0.0,,,,2.8375018e-07
Class_2,2,27,0.17532467532467533,False,0.65625,0.6959213975010188,0.5338515074921981,0.84877392383381,0.9195100612423447,0.8702053754908544,0.9572601399095534,0.15450698
Class_3,3,78,0.5064935064935064,False,0.8982035928143712,0.945957552802222,0.902332233952921,0.9761415744109674,0.9468623481781376,0.912188526656686,0.9742078699872072,0.29486167
Class_4,4,36,0.23376623376623376,False,0.8955223880597015,0.9533116529846412,0.8983016309766839,0.9911147918726315,0.9757532956685498,0.944165187638373,0.9976418442886774,0.26448599
Class_5,5,2,0.012987012987012988,True,0.04597701149425287,0.01778880226789511,0.0,0.051414520515926126,0.45723684210526316,,,0.00034373178
