class,class_index,n_positives,positive_ratio,is_rare,f1_score,pr_auc,pr_auc_ci_lower,pr_auc_ci_upper,roc_auc,roc_auc_ci_lower,roc_auc_ci_upper,optimal_threshold
Class_0,0,25,0.16339869281045752,False,0.84,0.8996286087889945,0.7813082786580957,0.968890672838417,0.9759374999999999,0.9514928902116402,0.9934311875367432,0.6959581
Class_1,1,2,0.013071895424836602,True,0.2,0.09583333333333333,0.0,0.38189142036124785,0.8841059602649006,,,0.07142178
Class_2,2,25,0.16339869281045752,False,0.7777777777777778,0.676809135004192,0.5027318635810352,0.8686416944264025,0.94796875,0.9108339833328811,0.979182971038098,0.5749918
Class_3,3,71,0.46405228758169936,False,0.8843537414965986,0.9573023858467545,0.9254765929023094,0.9840317041767631,0.9586911714187565,0.9292716171435894,0.9820826914291225,0.59942734
Class_4,4,38,0.24836601307189543,False,0.8656716417910447,0.9403182703702625,0.8822587024417897,0.9807967257804834,0.9750572082379863,0.952772808270132,0.9906193134430207,0.4604743
Class_5,5,1,0.006535947712418301,True,1.0,1.0,0.0,1.0,1.0,,,0.41512516
