class,class_index,n_positives,positive_ratio,is_rare,f1_score,pr_auc,pr_auc_ci_lower,pr_auc_ci_upper,roc_auc,roc_auc_ci_lower,roc_auc_ci_upper,optimal_threshold
Class_0,0,31,0.2012987012987013,False,0.9230769230769231,0.9720824286433559,0.9320810766432579,0.996479971446649,0.991607658012064,0.9785245689655172,0.9989754098360656,0.8491275
Class_1,1,1,0.006493506493506494,True,1.0,1.0,0.0,1.0,1.0,,,0.33360294
Class_2,2,24,0.15584415584415584,False,0.7142857142857143,0.6750048357487879,0.48689525675203466,0.8625796589712421,0.9173076923076923,0.8578633036273721,0.9637262324383158,0.40723425
Class_3,3,76,0.4935064935064935,False,0.8783783783783784,0.9582331151454929,0.9290998582282411,0.9822036634577148,0.9566464237516868,0.92498987854251,0.9795905541292255,0.69788915
Class_4,4,31,0.2012987012987013,False,0.8615384615384616,0.9527095473966607,0.8907005133142478,0.9890109307052374,0.985837922895358,0.9709988710396439,0.9969272117015263,0.056478955
Class_5,5,1,0.006493506493506494,True,0.044444444444444446,0.022727272727272728,0.0,0.080027027027027,0.7189542483660131,,,0.00941488
