class,class_index,n_positives,positive_ratio,is_rare,f1_score,pr_auc,pr_auc_ci_lower,pr_auc_ci_upper,roc_auc,roc_auc_ci_lower,roc_auc_ci_upper,optimal_threshold
Class_0,0,31,0.20261437908496732,False,0.875,0.8265365665236603,0.6741097845087668,0.969186514865614,0.9575621364357484,0.9021578590785907,0.9933908559417549,0.71466315
Class_1,1,0,0.0,True,0.0,0.0,0.0,0.0,,,,0.00019133383
Class_2,2,33,0.21568627450980393,False,0.7317073170731707,0.8379974229601423,0.7242318589616339,0.9225616254336038,0.9376262626262626,0.8959303668478261,0.9718091532114453,0.17757499
Class_3,3,56,0.3660130718954248,False,0.8666666666666667,0.923278935580916,0.8725044571575651,0.9670287507550569,0.946060382916053,0.9046953903112184,0.9794288376426741,0.66917694
Class_4,4,37,0.24183006535947713,False,0.8421052631578947,0.9057295994718446,0.8294243326303544,0.9671314454941503,0.9365097856477167,0.8666195115817225,0.9852334199492115,0.10167149
Class_5,5,1,0.006535947712418301,True,0.2222222222222222,0.125,0.0,0.42857142857142855,0.9539473684210527,,,0.017652184
