class,class_index,n_positives,positive_ratio,is_rare,f1_score,pr_auc,pr_auc_ci_lower,pr_auc_ci_upper,roc_auc,roc_auc_ci_lower,roc_auc_ci_upper,optimal_threshold
Class_0,0,48,0.1563517915309446,False,0.8764044943820225,0.9146134469536694,0.8139787449570048,0.9825200021381596,0.9882561132561133,0.977617734736323,0.9964794982114122,0.95480126
Class_1,1,2,0.006514657980456026,True,0.125,0.06428571428571428,0.0,0.23088235294117637,0.9245901639344262,,,0.022655902
Class_2,2,58,0.18892508143322476,False,0.7482014388489209,0.8069453381076929,0.704837517083773,0.8879203287794575,0.9372663066057333,0.9050463613472963,0.9663242830713746,0.09200762
Class_3,3,134,0.4364820846905538,False,0.9078014184397163,0.9596201158092098,0.9337253545561454,0.9794455640198344,0.9700198429816237,0.9523115713145602,0.9831531665668478,0.691823
Class_4,4,71,0.23127035830618892,False,0.8888888888888888,0.9547098729951039,0.9194589912691479,0.9794687855175291,0.9785748388636906,0.9568043195083875,0.9934117724113127,0.2847848
Class_5,5,4,0.013029315960912053,True,0.8,0.7708333333333333,0.25,1.0,0.9966996699669967,,,0.13735986
