class,class_index,n_positives,positive_ratio,is_rare,f1_score,pr_auc,pr_auc_ci_lower,pr_auc_ci_upper,roc_auc,roc_auc_ci_lower,roc_auc_ci_upper,optimal_threshold
Class_0,0,28,0.18181818181818182,False,0.8852459016393442,0.9080738414259105,0.7790421195288872,0.9875763527942912,0.9815759637188208,0.95859969923321,0.9979343076818858,0.22775804
Class_1,1,1,0.006493506493506494,True,0.019417475728155338,0.00980392156862745,0.0,0.03334745762711863,0.33986928104575165,,,2.1354825e-05
Class_2,2,32,0.2077922077922078,False,0.8235294117647058,0.8768350207387076,0.7512069962176294,0.9597328074375037,0.9649077868852459,0.9341699774817548,0.9875354184829991,0.115485005
Class_3,3,60,0.38961038961038963,False,0.8849557522123894,0.9510167211393721,0.9036529743832018,0.9831443781499063,0.9661347517730496,0.9398570582661332,0.986441423235789,0.92098045
Class_4,4,37,0.24025974025974026,False,0.9210526315789473,0.9757741246016286,0.9377056144501233,0.9958218050650587,0.9919149919149919,0.9811669268510259,0.9988208102370039,0.27686018
Class_5,5,3,0.01948051948051948,True,0.6666666666666666,0.5694444444444444,0.0,1.0,0.8454746136865342,,,0.20252553
