class,class_index,n_positives,positive_ratio,is_rare,f1_score,pr_auc,pr_auc_ci_lower,pr_auc_ci_upper,roc_auc,roc_auc_ci_lower,roc_auc_ci_upper,optimal_threshold
Class_0,0,25,0.16339869281045752,False,0.8727272727272727,0.9383593641427314,0.8640844016920145,0.9877796070529824,0.9871875,0.9720726811397532,0.9975788793290077,0.42288023
Class_1,1,2,0.013071895424836602,True,0.1111111111111111,0.044407894736842105,0.0,0.18609983766233762,0.7052980132450332,,,0.018618876
Class_2,2,25,0.16339869281045752,False,0.7692307692307693,0.7341099988554473,0.5651215389455406,0.9299219953097224,0.96046875,0.9312906431154222,0.985528782894737,0.50656706
Class_3,3,71,0.46405228758169936,False,0.9,0.9673265028373269,0.9412008281858847,0.9875383877190753,0.9671075231879079,0.940796417850499,0.988416045603762,0.20648646
Class_4,4,38,0.24836601307189543,False,0.835820895522388,0.9300047273438612,0.8579909491172674,0.9738182101179863,0.9697940503432495,0.9417008403361344,0.9896548436308162,0.83609
Class_5,5,1,0.006535947712418301,True,1.0,1.0,0.0,1.0,1.0,,,0.27635175
