class,class_index,n_positives,positive_ratio,is_rare,f1_score,pr_auc,pr_auc_ci_lower,pr_auc_ci_upper,roc_auc,roc_auc_ci_lower,roc_auc_ci_upper,optimal_threshold
Class_0,0,23,0.1503267973856209,False,0.7692307692307693,0.848069639931618,0.6996427705885723,0.9574889530068103,0.9682274247491639,0.9415637538580247,0.9884670037341792,0.7656351
Class_1,1,3,0.0196078431372549,True,0.6666666666666666,0.7222222222222223,0.0,1.0,0.991111111111111,,,0.01690631
Class_2,2,36,0.23529411764705882,False,0.7160493827160493,0.7351166213231998,0.5899634762349003,0.871388948196051,0.8967236467236467,0.8380400265701001,0.9502005952380952,0.114270814
Class_3,3,66,0.43137254901960786,False,0.8840579710144928,0.9460820579376364,0.9016904226429061,0.9777841263731271,0.9486241727621039,0.9081923076923076,0.9795209912684446,0.75974053
Class_4,4,32,0.20915032679738563,False,0.90625,0.9158892060596202,0.8148585896157553,0.98462545751942,0.9741735537190084,0.9457630280073461,0.9963667244023646,0.44105485
Class_5,5,4,0.026143790849673203,True,0.5454545454545454,0.4525243832472748,0.011904761904761904,1.0,0.8540268456375839,,,0.0127551565
