class,class_index,n_positives,positive_ratio,is_rare,f1_score,pr_auc,pr_auc_ci_lower,pr_auc_ci_upper,roc_auc,roc_auc_ci_lower,roc_auc_ci_upper,optimal_threshold
Class_0,0,71,0.17317073170731706,False,0.7969924812030075,0.8742747241876555,0.7883239551823155,0.9455080005381564,0.9735344218704558,0.9583320939916716,0.9863448658556125,0.8869989
Class_1,1,3,0.007317073170731708,True,0.4,0.5588235294117647,0.0,1.0,0.9868959868959868,,,0.064326294
Class_2,2,81,0.1975609756097561,False,0.7710843373493976,0.8299595324487139,0.7439750922050588,0.9013548048275808,0.9276520694960411,0.8849485030632493,0.9617061962851438,0.35583198
Class_3,3,176,0.4292682926829268,False,0.8238993710691824,0.9356503579060383,0.9014325008782325,0.9647455835857637,0.9564636752136751,0.9381855174353205,0.9728677715351784,0.9057487
Class_4,4,93,0.22682926829268293,False,0.8514851485148515,0.9397556646516908,0.9047708907150174,0.9692028395151118,0.9782232624402157,0.9630032579145527,0.9901486003472332,0.3244467
Class_5,5,10,0.024390243902439025,True,0.3333333333333333,0.5416903761911213,0.23347426051760428,0.8171094089592127,0.9135,0.8105056532663316,0.9934570906414966,0.34594858
