class,class_index,n_positives,positive_ratio,is_rare,f1_score,pr_auc,pr_auc_ci_lower,pr_auc_ci_upper,roc_auc,roc_auc_ci_lower,roc_auc_ci_upper,optimal_threshold
Class_0,0,48,0.1563517915309446,False,0.9148936170212766,0.9494337341082768,0.8905422265135859,0.9865578152974727,0.9876930501930502,0.9738736958059477,0.99694594979237,0.8869989
Class_1,1,2,0.006514657980456026,True,0.5,0.3026315789473684,0.0,1.0,0.9704918032786884,,,0.064326294
Class_2,2,58,0.18892508143322476,False,0.7333333333333333,0.8000882917255653,0.6998190411132705,0.8890203189327658,0.9315191801689516,0.8930395878086013,0.9622793298455291,0.35583198
Class_3,3,134,0.4364820846905538,False,0.8828125,0.9470389620235177,0.9107085602546104,0.9731207082698207,0.9614355965835562,0.9422429493517083,0.9771616707379741,0.9057487
Class_4,4,71,0.23127035830618892,False,0.9090909090909091,0.9562527575778357,0.9219712523658717,0.9831622604074597,0.9822153258534256,0.9684039953540519,0.993316016223296,0.3244467
Class_5,5,4,0.013029315960912053,True,0.5714285714285714,0.5904761904761905,0.07692307692307693,1.0,0.9867986798679869,,,0.34594858
