class,class_index,n_positives,positive_ratio,is_rare,f1_score,pr_auc,pr_auc_ci_lower,pr_auc_ci_upper,roc_auc,roc_auc_ci_lower,roc_auc_ci_upper,optimal_threshold
Class_0,0,23,0.1503267973856209,False,0.85,0.9029359066897223,0.7984193475495319,0.9736094838341381,0.974581939799331,0.9469982002249718,0.9924343947747272,0.51061183
Class_1,1,3,0.0196078431372549,True,0.375,0.18803418803418806,0.0,0.5,0.9444444444444444,,,0.016195046
Class_2,2,36,0.23529411764705882,False,0.8,0.8124474433480597,0.6828258819580679,0.9130351724439363,0.923076923076923,0.865668330944884,0.9671178439571411,0.4704513
Class_3,3,66,0.43137254901960786,False,0.8378378378378378,0.9114252412035946,0.8509125728751586,0.9575376727503567,0.9244165795889934,0.8765846753998575,0.961131134331401,0.26154214
Class_4,4,32,0.20915032679738563,False,0.7936507936507936,0.8290591907000153,0.6889222854354464,0.9433728520486027,0.9367252066115702,0.8831930411375394,0.9777158730158729,0.84464407
Class_5,5,4,0.026143790849673203,True,0.6153846153846154,0.6527777777777778,0.1660714285714291,1.0,0.9848993288590605,,,0.023563202
