class,class_index,n_positives,positive_ratio,is_rare,f1_score,pr_auc,pr_auc_ci_lower,pr_auc_ci_upper,roc_auc,roc_auc_ci_lower,roc_auc_ci_upper,optimal_threshold
Class_0,0,71,0.17317073170731706,False,0.8356164383561644,0.9098249695122271,0.8532970545256102,0.9533336520628819,0.9794756741036188,0.9674947154111176,0.9898635310498272,0.9017374
Class_1,1,3,0.007317073170731708,True,0.15384615384615385,0.3666666666666667,0.0,1.0,0.9754299754299754,,,0.013041216
Class_2,2,81,0.1975609756097561,False,0.8048780487804879,0.8428749669115043,0.7442814043916209,0.9187647991417498,0.9479905437352246,0.9193677889822867,0.9734541576822727,0.40992934
Class_3,3,176,0.4292682926829268,False,0.8597560975609756,0.9366865502058357,0.8887978738986719,0.9726881704776122,0.9619512432012433,0.9451455253492398,0.9769265073529412,0.86897737
Class_4,4,93,0.22682926829268293,False,0.8494623655913979,0.9404532288980714,0.9064205010020312,0.9698991480404482,0.9754078898273465,0.959558180912615,0.988398298476956,0.2763782
Class_5,5,10,0.024390243902439025,True,0.45454545454545453,0.5278071156729327,0.2104989056449601,0.8315070346320345,0.91025,0.833738570241064,0.97979259015075,0.009311134
