class,class_index,n_positives,positive_ratio,is_rare,f1_score,pr_auc,pr_auc_ci_lower,pr_auc_ci_upper,roc_auc,roc_auc_ci_lower,roc_auc_ci_upper,optimal_threshold
Class_0,0,31,0.2012987012987013,False,0.9117647058823529,0.9660835308165675,0.9106673342096183,0.9959010668305042,0.991607658012064,0.9789612735215054,0.9991837618210146,0.53495836
Class_1,1,1,0.006493506493506494,True,0.2857142857142857,0.16666666666666666,0.0,0.5017857142857126,0.9673202614379085,,,0.055098575
Class_2,2,24,0.15584415584415584,False,0.6551724137931034,0.6900109941786006,0.4983325945580144,0.8617865688440168,0.9080128205128205,0.8410443852969082,0.9603180736128915,0.24209288
Class_3,3,76,0.4935064935064935,False,0.874251497005988,0.9531330594863376,0.919526982913616,0.9788056472824402,0.9512483130904184,0.9191534911909773,0.9757007272929158,0.2693331
Class_4,4,31,0.2012987012987013,False,0.8620689655172413,0.938675135317578,0.8673504450104272,0.9865531508118968,0.9792814057172831,0.9553486697004383,0.9957486596333448,0.16268125
Class_5,5,1,0.006493506493506494,True,0.041666666666666664,0.02127659574468085,0.0,0.06976744186046512,0.6993464052287581,,,0.004930895
