class,class_index,n_positives,positive_ratio,is_rare,f1_score,pr_auc,pr_auc_ci_lower,pr_auc_ci_upper,roc_auc,roc_auc_ci_lower,roc_auc_ci_upper,optimal_threshold
Class_0,0,24,0.15584415584415584,False,0.8979591836734694,0.8449035115211585,0.6687275185229794,0.988139927023441,0.9746794871794872,0.94774913696822,0.9950170736695971,0.9465733
Class_1,1,0,0.0,True,0.0,0.0,0.0,0.0,,,,3.1863332e-05
Class_2,2,27,0.17532467532467533,False,0.6933333333333334,0.6665178331564356,0.49912933808046717,0.861053093646967,0.9247594050743657,0.876203573871409,0.9620107582506686,0.08524121
Class_3,3,78,0.5064935064935064,False,0.8860759493670886,0.9367512494992932,0.8930578701931893,0.9681947118379844,0.9325236167341431,0.8924654383303692,0.9654409094835444,0.26558077
Class_4,4,36,0.23376623376623376,False,0.8923076923076924,0.9474694806213257,0.8857753249476703,0.9875278134669844,0.96939736346516,0.9281397174254318,0.9961380671506352,0.22449009
Class_5,5,2,0.012987012987012988,True,0.3333333333333333,0.1346153846153846,0.0,0.6666666666666666,0.6546052631578947,,,0.04672081
