class,class_index,n_positives,positive_ratio,is_rare,f1_score,pr_auc,pr_auc_ci_lower,pr_auc_ci_upper,roc_auc,roc_auc_ci_lower,roc_auc_ci_upper,optimal_threshold
Class_0,0,31,0.20261437908496732,False,0.8787878787878788,0.8149470197013015,0.6626220234512297,0.9715575458954063,0.9551824431517716,0.8993931609848566,0.9941951143070443,0.7691169
Class_1,1,0,0.0,True,0.0,0.0,0.0,0.0,,,,2.0229858e-05
Class_2,2,33,0.21568627450980393,False,0.7407407407407407,0.781299592663229,0.6396230602843189,0.89971474527878,0.9335858585858586,0.8892020347237509,0.9709367860159349,0.1725957
Class_3,3,56,0.3660130718954248,False,0.8518518518518519,0.92244530915223,0.8656561606684102,0.9677254531800811,0.9438512518409425,0.903652963743042,0.9786838020536748,0.76484555
Class_4,4,37,0.24183006535947713,False,0.8529411764705882,0.8774730456608775,0.7798677272357342,0.9492191971689022,0.9073858341099721,0.8234631894071253,0.9683015148706196,0.6650594
Class_5,5,1,0.006535947712418301,True,0.6666666666666666,0.5,0.0,1.0,0.993421052631579,,,0.18579823
