class,class_index,n_positives,positive_ratio,is_rare,f1_score,pr_auc,pr_auc_ci_lower,pr_auc_ci_upper,roc_auc,roc_auc_ci_lower,roc_auc_ci_upper,optimal_threshold
Class_0,0,177,0.3094405594405594,False,0.7368421052631579,0.7190050886747325,0.6449269998639221,0.7937139532095385,0.8878495315740542,0.8593887910864915,0.916558262753258,0.7885565
Class_1,1,22,0.038461538461538464,True,0.21428571428571427,0.10319926725746553,0.05482615139694029,0.19219524443891006,0.6959504132231407,0.5566375627855206,0.8149149711583737,0.013611656
Class_2,2,100,0.17482517482517482,False,0.375,0.33393172639331237,0.2629817088571196,0.4278230987140056,0.7302330508474576,0.6798699438029991,0.777341005960399,0.5977732
Class_3,3,246,0.43006993006993005,False,0.40498442367601245,0.7521667444534835,0.6943593642755083,0.8103786371956962,0.806524016160407,0.770143283786356,0.8430771177837647,0.7196824
Class_4,4,47,0.08216783216783216,False,0.40601503759398494,0.3577661749420397,0.24148660576152195,0.4977071504329071,0.7982978723404256,0.7252656250563444,0.8594862941771347,0.51945937
Class_5,5,10,0.017482517482517484,True,0.13333333333333333,0.14458900214605802,0.012391557947133649,0.3762999135363569,0.5622775800711743,0.37717198581560285,0.7803978419001555,0.091632664
