class,class_index,n_positives,positive_ratio,is_rare,f1_score,pr_auc,pr_auc_ci_lower,pr_auc_ci_upper,roc_auc,roc_auc_ci_lower,roc_auc_ci_upper,optimal_threshold
Class_0,0,31,0.20261437908496732,False,0.9206349206349206,0.8867866860045558,0.7549079932588925,0.9898199062233589,0.9795081967213115,0.9555719157951321,0.9964073878318065,0.6249038
Class_1,1,0,0.0,True,0.0,0.0,0.0,0.0,,,,0.00027106825
Class_2,2,33,0.21568627450980393,False,0.7341772151898734,0.8018668547392575,0.6652677679009056,0.9104671756687432,0.9277777777777778,0.879135818118889,0.9677445660343323,0.12163622
Class_3,3,56,0.3660130718954248,False,0.8695652173913043,0.923272869549401,0.8604843742623322,0.9685936696107569,0.946060382916053,0.903015474638155,0.9782228021618213,0.8119491
Class_4,4,37,0.24183006535947713,False,0.8157894736842105,0.8689007064570335,0.7711244320808184,0.9471539893474752,0.9094827586206897,0.8331507415854321,0.971817211634109,0.11242828
Class_5,5,1,0.006535947712418301,True,1.0,1.0,0.0,1.0,1.0,,,0.13514437
