class,class_index,n_positives,positive_ratio,is_rare,f1_score,pr_auc,pr_auc_ci_lower,pr_auc_ci_upper,roc_auc,roc_auc_ci_lower,roc_auc_ci_upper,optimal_threshold
Class_0,0,21,0.13636363636363635,False,0.8636363636363636,0.7840690761216981,0.6036829511017897,0.9725544470845223,0.9735051915503043,0.9433860719986186,0.9947313328848741,0.4248262
Class_1,1,1,0.006493506493506494,True,0.15384615384615385,0.08333333333333333,0.0,0.2727272727272727,0.9281045751633987,,,0.02813794
Class_2,2,31,0.2012987012987013,False,0.8333333333333334,0.8306133893779866,0.6882716198971653,0.9415584949155282,0.9430894308943089,0.8960966125580667,0.9798117504715135,0.48643076
Class_3,3,67,0.43506493506493504,False,0.9090909090909091,0.9589250812960444,0.9193436944038703,0.9879820729844412,0.9686052496139989,0.941004754584535,0.9894236288265306,0.73162466
Class_4,4,36,0.23376623376623376,False,0.9411764705882353,0.9561342502092366,0.9059771122224647,0.9922243107769423,0.9781073446327684,0.9528472885039534,0.9970508166969146,0.85517985
Class_5,5,3,0.01948051948051948,True,1.0,1.0,0.0,1.0,1.0,,,0.3969397
