class,class_index,n_positives,positive_ratio,is_rare,f1_score,pr_auc,pr_auc_ci_lower,pr_auc_ci_upper,roc_auc,roc_auc_ci_lower,roc_auc_ci_upper,optimal_threshold
Class_0,0,23,0.1503267973856209,False,0.8695652173913043,0.8682261553689378,0.7018835531007074,0.985014912775029,0.9769230769230769,0.9517871636672097,0.9968600222441918,0.2195179
Class_1,1,3,0.0196078431372549,True,0.5,0.43999999999999995,0.0,1.0,0.9333333333333332,,,0.20459521
Class_2,2,36,0.23529411764705882,False,0.7441860465116279,0.7484743456246884,0.5831156180373592,0.8821878767179251,0.9002849002849002,0.8377720230938437,0.9500110619469025,0.21193163
Class_3,3,66,0.43137254901960786,False,0.8920863309352518,0.9491440409284341,0.9067996359356653,0.9791911544021005,0.9521072796934865,0.9154905818997027,0.9799049785340108,0.5731399
Class_4,4,32,0.20915032679738563,False,0.8709677419354839,0.9075567645040603,0.8082967248170978,0.9774235025595632,0.9710743801652892,0.9462161215682601,0.9922540669482673,0.8481216
Class_5,5,4,0.026143790849673203,True,0.25,0.12228967168262656,0.012191448721716137,0.5,0.7701342281879194,,,0.04374902
