class,class_index,n_positives,positive_ratio,is_rare,f1_score,pr_auc,pr_auc_ci_lower,pr_auc_ci_upper,roc_auc,roc_auc_ci_lower,roc_auc_ci_upper,optimal_threshold
Class_0,0,31,0.2012987012987013,False,0.9180327868852459,0.9743239017309623,0.9321038441374374,0.9972540662355477,0.992918961447679,0.9829495834111524,0.9991262919721242,0.76532406
Class_1,1,1,0.006493506493506494,True,0.3333333333333333,0.2,0.0,0.6666666666666666,0.9738562091503268,,,0.22517149
Class_2,2,24,0.15584415584415584,False,0.6909090909090909,0.6251239551888205,0.4355106111127983,0.8271199842651119,0.9108974358974358,0.8488205922865013,0.957845410869366,0.29808986
Class_3,3,76,0.4935064935064935,False,0.8758169934640523,0.9568100291650898,0.9251234524134287,0.9818960183225081,0.9552968960863698,0.9244167344911369,0.9777069256756756,0.60025597
Class_4,4,31,0.2012987012987013,False,0.8666666666666667,0.9301413743552351,0.8573049955967282,0.9804034356500156,0.975085234723315,0.9467512842707744,0.9950255104373243,0.36958733
Class_5,5,1,0.006493506493506494,True,0.09090909090909091,0.047619047619047616,0.0,0.16666666666666666,0.869281045751634,,,0.03310471
