class,class_index,n_positives,positive_ratio,is_rare,f1_score,pr_auc,pr_auc_ci_lower,pr_auc_ci_upper,roc_auc,roc_auc_ci_lower,roc_auc_ci_upper,optimal_threshold
Class_0,0,48,0.1563517915309446,False,0.8627450980392157,0.9238307104066086,0.8621421839088946,0.9687687541030972,0.9837516087516087,0.9700713736039824,0.9933644804876751,0.7885565
Class_1,1,2,0.006514657980456026,True,0.125,0.043466223698781836,0.0,0.2222222222222222,0.7704918032786885,,,0.013611656
Class_2,2,58,0.18892508143322476,False,0.7850467289719626,0.8572458269867796,0.7652389041106669,0.9230110034194998,0.952014956377233,0.9228369327501368,0.9753412174236521,0.5977732
Class_3,3,134,0.4364820846905538,False,0.9015151515151515,0.9639240892977261,0.9408745765028809,0.9808930445448286,0.9708394443965146,0.9550535280441877,0.9847478966230003,0.7196824
Class_4,4,71,0.23127035830618892,False,0.8714285714285714,0.946986298364905,0.9094682181122962,0.9755923017015651,0.9802458820720935,0.9668488163106025,0.9911375057519831,0.51945937
Class_5,5,4,0.013029315960912053,True,0.75,0.550595238095238,0.09090909090909091,1.0,0.9892739273927392,,,0.091632664
