class,class_index,n_positives,positive_ratio,is_rare,f1_score,pr_auc,pr_auc_ci_lower,pr_auc_ci_upper,roc_auc,roc_auc_ci_lower,roc_auc_ci_upper,optimal_threshold
Class_0,0,29,0.1895424836601307,False,0.9310344827586207,0.9805706874759822,0.9446198961578804,0.999328262516757,0.9952725250278087,0.987345041322314,1.0,0.54958564
Class_1,1,0,0.0,True,0.0,0.0,0.0,0.0,,,,0.0009885271
Class_2,2,22,0.1437908496732026,False,0.5777777777777777,0.6438098950580377,0.4556748471340469,0.8024267498354525,0.8865371269951423,0.8170396792444624,0.948312769456906,0.37514758
Class_3,3,63,0.4117647058823529,False,0.8805970149253731,0.9441324075473854,0.8986727795920906,0.9786209519433761,0.9566137566137566,0.9215070174747595,0.9838726214362886,0.50019515
Class_4,4,43,0.28104575163398693,False,0.8205128205128205,0.8981800240034222,0.8183562544521968,0.9517826798620972,0.9420718816067655,0.8984126106194691,0.9723003849800084,0.5515799
Class_5,5,3,0.0196078431372549,True,0.5454545454545454,0.38690476190476186,0.0,1.0,0.9755555555555555,,,0.10100491
