class,class_index,n_positives,positive_ratio,is_rare,f1_score,pr_auc,pr_auc_ci_lower,pr_auc_ci_upper,roc_auc,roc_auc_ci_lower,roc_auc_ci_upper,optimal_threshold
Class_0,0,29,0.1895424836601307,False,0.8666666666666667,0.9202398105137447,0.8383615548266777,0.9809883416196404,0.9733036707452725,0.9403843073176983,0.9951453010500868,0.33117548
Class_1,1,0,0.0,True,0.0,0.0,0.0,0.0,,,,2.808168e-06
Class_2,2,22,0.1437908496732026,False,0.625,0.6513893679114117,0.4712169112245392,0.8302364436695434,0.9115197779319917,0.8554886389169757,0.9584607719975174,0.3330812
Class_3,3,63,0.4117647058823529,False,0.8769230769230769,0.9412758117002126,0.8901068576874004,0.973746271995799,0.9530864197530864,0.9143269952759193,0.9806806097128677,0.17149332
Class_4,4,43,0.28104575163398693,False,0.8372093023255814,0.8969552778827434,0.8188523393242096,0.9555020960275963,0.9494714587737842,0.9109811300600773,0.9799068560085509,0.7402669
Class_5,5,3,0.0196078431372549,True,0.4,0.1978159684926602,0.0,1.0,0.7733333333333333,,,0.13551523
