class,class_index,n_positives,positive_ratio,is_rare,f1_score,pr_auc,pr_auc_ci_lower,pr_auc_ci_upper,roc_auc,roc_auc_ci_lower,roc_auc_ci_upper,optimal_threshold
Class_0,0,21,0.13636363636363635,False,0.8372093023255814,0.8227372113937792,0.64683988641623,0.9627275196434698,0.9656283566058003,0.921626382532418,0.9922580369357045,0.18649244
Class_1,1,1,0.006493506493506494,True,0.03076923076923077,0.015625,0.0,0.05084745762711865,0.5882352941176471,,,0.0040867496
Class_2,2,31,0.2012987012987013,False,0.7868852459016393,0.8411023658059597,0.7171481188508273,0.9282163173100026,0.93443482821925,0.8849851082851173,0.9741938311399788,0.23406908
Class_3,3,67,0.43506493506493504,False,0.9142857142857143,0.9512137879513929,0.8979660352884027,0.9843330047389448,0.9644879053010808,0.9334796048107118,0.9872107974497769,0.42161226
Class_4,4,36,0.23376623376623376,False,0.8656716417910447,0.9343270066952025,0.8742345502091173,0.977765174679912,0.9712806026365348,0.9449225451049985,0.9899524620298938,0.96273863
Class_5,5,3,0.01948051948051948,True,0.8571428571428571,0.9166666666666666,0.0,1.0,0.9977924944812362,,,0.070174664
