class,class_index,n_positives,positive_ratio,is_rare,f1_score,pr_auc,pr_auc_ci_lower,pr_auc_ci_upper,roc_auc,roc_auc_ci_lower,roc_auc_ci_upper,optimal_threshold
Class_0,0,25,0.16339869281045752,False,0.8461538461538461,0.9280184501949947,0.8454795429625201,0.980195468485995,0.9834375,0.9662098341796255,0.9951425670560732,0.37672105
Class_1,1,2,0.013071895424836602,True,0.12903225806451613,0.05721003134796238,0.0,0.16444444444444445,0.8410596026490066,,,0.012349992
Class_2,2,25,0.16339869281045752,False,0.8076923076923077,0.7397445738559087,0.5499211648981972,0.9217592488275463,0.95828125,0.9238675452574944,0.9857331702090559,0.7037011
Class_3,3,71,0.46405228758169936,False,0.9064748201438849,0.9747511651355535,0.9523663927538459,0.9898682488044853,0.9751803503950532,0.9533128073549152,0.9905700787462484,0.29648983
Class_4,4,38,0.24836601307189543,False,0.8604651162790697,0.94194122504555,0.8827065389351565,0.9811540001169997,0.9787185354691076,0.9585262434012585,0.9927688116657553,0.3123293
Class_5,5,1,0.006535947712418301,True,1.0,1.0,0.0,1.0,1.0,,,0.58319426
