class,class_index,n_positives,positive_ratio,is_rare,f1_score,pr_auc,pr_auc_ci_lower,pr_auc_ci_upper,roc_auc,roc_auc_ci_lower,roc_auc_ci_upper,optimal_threshold
Class_0,0,28,0.18181818181818182,False,0.8709677419354839,0.9432978227825383,0.8636828358789316,0.9884650997150998,0.9863945578231292,0.970527867844365,0.9970160228270413,0.30492046
Class_1,1,1,0.006493506493506494,True,0.03636363636363636,0.018518518518518517,0.0,0.0600151515151515,0.6535947712418301,,,0.0024094218
Class_2,2,32,0.2077922077922078,False,0.8615384615384616,0.9204072549284927,0.8389688571795837,0.9770415200120101,0.9679815573770492,0.9362908527422991,0.9931057940417545,0.33527416
Class_3,3,60,0.38961038961038963,False,0.90625,0.9642808679856372,0.9299431750105952,0.9873576369686925,0.975,0.9522329549858031,0.992081639216756,0.4999358
Class_4,4,37,0.24025974025974026,False,0.9333333333333333,0.9804869151116327,0.9546154736140067,0.9979417336681277,0.9926079926079926,0.9813521410456874,0.9992809966796082,0.48541018
Class_5,5,3,0.01948051948051948,True,0.2857142857142857,0.1532851883319173,0.0,0.5715087704229649,0.7439293598233996,,,0.02700542
