class,class_index,n_positives,positive_ratio,is_rare,f1_score,pr_auc,pr_auc_ci_lower,pr_auc_ci_upper,roc_auc,roc_auc_ci_lower,roc_auc_ci_upper,optimal_threshold
Class_0,0,35,0.22875816993464052,False,0.8648648648648649,0.8715584082826086,0.7397314910077917,0.9747005757449784,0.9690072639225181,0.9401540577551413,0.9910750789564766,0.66727483
Class_1,1,1,0.006535947712418301,True,0.5,0.3333333333333333,0.0,1.0,0.9868421052631579,,,0.053802215
Class_2,2,24,0.1568627450980392,False,0.7346938775510204,0.8059562328404787,0.6649949960883085,0.9120286639552279,0.9305555555555556,0.8700765752670547,0.9757909458063684,0.31664318
Class_3,3,54,0.35294117647058826,False,0.9107142857142857,0.9128224733399072,0.8373327826203046,0.9734814659497129,0.9609053497942387,0.9293200737806884,0.9873782994128542,0.77859485
Class_4,4,39,0.2549019607843137,False,0.8192771084337349,0.8854059666709481,0.7919207560558668,0.9523373581155123,0.9471434997750787,0.9052133684893331,0.979428903122406,0.05861404
Class_5,5,3,0.0196078431372549,True,0.42857142857142855,0.25757575757575757,0.0,0.7000595238095237,0.9622222222222221,,,0.08051485
