class,class_index,n_positives,positive_ratio,is_rare,f1_score,pr_auc,pr_auc_ci_lower,pr_auc_ci_upper,roc_auc,roc_auc_ci_lower,roc_auc_ci_upper,optimal_threshold
Class_0,0,48,0.1563517915309446,False,0.86,0.9301784486294417,0.8684353868290093,0.9744763798919958,0.9869691119691119,0.9752155586800297,0.9953281094436753,0.9017374
Class_1,1,2,0.006514657980456026,True,0.18181818181818182,0.08846153846153847,0.0,0.2545454545454545,0.9508196721311475,,,0.013041216
Class_2,2,58,0.18892508143322476,False,0.7857142857142857,0.8168464812129111,0.7167709692929367,0.8961511412657313,0.9274338734247334,0.8862023876366477,0.9586456565802727,0.40992934
Class_3,3,134,0.4364820846905538,False,0.8923076923076924,0.9516104126805306,0.9206217774820553,0.9761702760011278,0.9651453714088517,0.9459206472646218,0.9811969696969697,0.86897737
Class_4,4,71,0.23127035830618892,False,0.9104477611940298,0.9583891085427142,0.9222817578522796,0.9840385910456553,0.9814991644783959,0.965034411036051,0.9937897783912276,0.2763782
Class_5,5,4,0.013029315960912053,True,0.6666666666666666,0.6488095238095238,0.1660714285714291,1.0,0.9925742574257426,,,0.009311134
