class,class_index,n_positives,positive_ratio,is_rare,f1_score,pr_auc,pr_auc_ci_lower,pr_auc_ci_upper,roc_auc,roc_auc_ci_lower,roc_auc_ci_upper,optimal_threshold
Class_0,0,29,0.1895424836601307,False,0.896551724137931,0.9532550115570783,0.8901003929324409,0.9921256904015523,0.9877641824249166,0.9734352996290127,0.9974173553719008,0.6516185
Class_1,1,0,0.0,True,0.0,0.0,0.0,0.0,,,,4.4253384e-06
Class_2,2,22,0.1437908496732026,False,0.6229508196721312,0.6782710429408871,0.47761532862489037,0.8404070117385616,0.9198473282442748,0.8672193024366937,0.9619423036594318,0.114749014
Class_3,3,63,0.4117647058823529,False,0.8854961832061069,0.9540841326305255,0.914961673831607,0.9830103032560045,0.9670194003527336,0.9401358738283766,0.9868445113567619,0.63446516
Class_4,4,43,0.28104575163398693,False,0.8387096774193549,0.9134867003730114,0.8408796977231715,0.9614649531168045,0.9553911205073996,0.9205441546355793,0.9831109257714762,0.08029178
Class_5,5,3,0.0196078431372549,True,0.5,0.4707602339181286,0.0,1.0,0.9133333333333333,,,0.51278883
