class,class_index,n_positives,positive_ratio,is_rare,f1_score,pr_auc,pr_auc_ci_lower,pr_auc_ci_upper,roc_auc,roc_auc_ci_lower,roc_auc_ci_upper,optimal_threshold
Class_0,0,28,0.18181818181818182,False,0.84375,0.8965161085191805,0.7951436561006345,0.9710778745557461,0.9770408163265306,0.9535126550620249,0.993281084743522,0.23320132
Class_1,1,1,0.006493506493506494,True,0.029411764705882353,0.014925373134328358,0.0,0.05,0.5686274509803921,,,0.0020500296
Class_2,2,32,0.2077922077922078,False,0.835820895522388,0.8692072205652673,0.7574380441867399,0.9495514576051383,0.9620901639344261,0.9304955861404122,0.9865908180968904,0.17494078
Class_3,3,60,0.38961038961038963,False,0.8702290076335878,0.9406989668885234,0.8943561635839901,0.974616687823775,0.9569148936170213,0.9264456798979754,0.9810125495233595,0.34165776
Class_4,4,37,0.24025974025974026,False,0.8648648648648649,0.9445892135367533,0.8923260300387319,0.9844091755330004,0.9787479787479787,0.9561825458614206,0.9949035309127053,0.67584425
Class_5,5,3,0.01948051948051948,True,0.8,0.6796536796536796,0.0,1.0,0.836644591611479,,,0.40496522
