class,class_index,n_positives,positive_ratio,is_rare,f1_score,pr_auc,pr_auc_ci_lower,pr_auc_ci_upper,roc_auc,roc_auc_ci_lower,roc_auc_ci_upper,optimal_threshold
Class_0,0,71,0.17317073170731706,False,0.803030303030303,0.9259308644138468,0.8751493873484124,0.9639196583213814,0.9816776766795463,0.9689157635258617,0.9917134767060363,0.95480126
Class_1,1,3,0.007317073170731708,True,0.24,0.18518518518518517,0.0,0.5,0.9778869778869779,,,0.022655902
Class_2,2,81,0.1975609756097561,False,0.6903553299492385,0.7885122807082916,0.7088292610473047,0.8672311168783362,0.9316672295395699,0.9017707156973462,0.9583367791190582,0.09200762
Class_3,3,176,0.4292682926829268,False,0.8825214899713467,0.9471804597016039,0.9074904592080031,0.9757377166214343,0.9664918414918415,0.9494916843962982,0.9813003491442667,0.691823
Class_4,4,93,0.22682926829268293,False,0.8615384615384616,0.9436793186679329,0.90904514169361,0.9713394454003464,0.9770021369695736,0.9606489900971709,0.9898599550339304,0.2847848
Class_5,5,10,0.024390243902439025,True,0.625,0.638950938656821,0.3322114056400103,0.8890089563862926,0.93775,,,0.13735986
