class,class_index,n_positives,positive_ratio,is_rare,f1_score,pr_auc,pr_auc_ci_lower,pr_auc_ci_upper,roc_auc,roc_auc_ci_lower,roc_auc_ci_upper,optimal_threshold
Class_0,0,31,0.2012987012987013,False,0.8823529411764706,0.9574770381557701,0.9110532590391225,0.9904177391129924,0.988722790453711,0.9747759025891582,0.9977582832436992,0.200838
Class_1,1,1,0.006493506493506494,True,0.2222222222222222,0.125,0.0,0.4,0.954248366013072,,,0.07953502
Class_2,2,24,0.15584415584415584,False,0.5957446808510638,0.5927202600995606,0.3976145980157257,0.782037366885863,0.8516025641025641,0.7625904045828859,0.9302420993968005,0.44684494
Class_3,3,76,0.4935064935064935,False,0.9230769230769231,0.9649836863435794,0.9309875465629043,0.9883627022994907,0.9655870445344129,0.9396367617520598,0.9866702181633689,0.5918457
Class_4,4,31,0.2012987012987013,False,0.8666666666666667,0.9317481568529224,0.8575537254699457,0.9804103554379663,0.9771833202202991,0.9544897576147576,0.9938573380171741,0.4200381
Class_5,5,1,0.006493506493506494,True,0.05405405405405406,0.027777777777777776,0.0,0.09375,0.7712418300653595,,,0.00402614
