class,class_index,n_positives,positive_ratio,is_rare,f1_score,pr_auc,pr_auc_ci_lower,pr_auc_ci_upper,roc_auc,roc_auc_ci_lower,roc_auc_ci_upper,optimal_threshold
Class_0,0,24,0.15584415584415584,False,0.84,0.9284149244288563,0.8347552663328041,0.9847068559177639,0.9839743589743589,0.9648661387631975,0.9965586067595905,0.6801062
Class_1,1,0,0.0,True,0.0,0.0,0.0,0.0,,,,1.7392685e-08
Class_2,2,27,0.17532467532467533,False,0.6415094339622641,0.6314551453035304,0.4639152919892217,0.8251814981997723,0.9058034412365121,0.8544765237678624,0.9522484161793372,0.592201
Class_3,3,78,0.5064935064935064,False,0.875,0.950283549098116,0.9098358836612431,0.9769736300501473,0.9450067476383266,0.9093609519329456,0.9731120572068969,0.37248185
Class_4,4,36,0.23376623376623376,False,0.8974358974358975,0.9496493783020858,0.89088233711625,0.9858737910538078,0.9835216572504708,0.966734889885952,0.9962367308111776,0.113002986
Class_5,5,2,0.012987012987012988,True,0.6666666666666666,0.515625,0.0,1.0,0.7960526315789473,,,0.51505363
