class,class_index,n_positives,positive_ratio,is_rare,f1_score,pr_auc,pr_auc_ci_lower,pr_auc_ci_upper,roc_auc,roc_auc_ci_lower,roc_auc_ci_upper,optimal_threshold
Class_0,0,35,0.22875816993464052,False,0.8955223880597015,0.9274843203493448,0.8445870170647141,0.9822243219658321,0.9791767554479419,0.9578172004549123,0.9946042663476875,0.9585769
Class_1,1,1,0.006535947712418301,True,1.0,1.0,0.0,1.0,1.0,,,0.3887585
Class_2,2,24,0.1568627450980392,False,0.76,0.8119037000283951,0.6705404089771432,0.9240058072587766,0.9473514211886305,0.9033008658008658,0.9829296730732298,0.20024508
Class_3,3,54,0.35294117647058826,False,0.9122807017543859,0.9345872611954984,0.8654337431123397,0.9853053120158715,0.9693228582117471,0.9432909499466393,0.9900056096004304,0.6288261
Class_4,4,39,0.2549019607843137,False,0.8450704225352113,0.9213067013021077,0.8577885594789607,0.9729057412363313,0.9649122807017544,0.9354407940046398,0.9889071144043138,0.63630176
Class_5,5,3,0.0196078431372549,True,0.46153846153846156,0.3619047619047619,0.0,1.0,0.971111111111111,,,0.035784
