class,class_index,n_positives,positive_ratio,is_rare,f1_score,pr_auc,pr_auc_ci_lower,pr_auc_ci_upper,roc_auc,roc_auc_ci_lower,roc_auc_ci_upper,optimal_threshold
Class_0,0,31,0.20261437908496732,False,0.9090909090909091,0.8593674516626162,0.7210118275444314,0.9876642819894172,0.9673453199365415,0.9189603676460045,0.9975797328494987,0.49698493
Class_1,1,0,0.0,True,0.0,0.0,0.0,0.0,,,,9.119163e-07
Class_2,2,33,0.21568627450980393,False,0.7058823529411765,0.7761386414851081,0.6477273580855099,0.8861818867474224,0.9015151515151515,0.8447737676322534,0.9532866428572343,0.20309132
Class_3,3,56,0.3660130718954248,False,0.8208955223880597,0.8972470076231143,0.8256518371901579,0.9496190368408739,0.936119293078056,0.8889690123818017,0.9708045262093224,0.20952547
Class_4,4,37,0.24183006535947713,False,0.8307692307692308,0.8862390723390474,0.7844288371646294,0.9532511480626333,0.9262581547064306,0.8486496155669963,0.9831500736377026,0.91508526
Class_5,5,1,0.006535947712418301,True,0.5,0.3333333333333333,0.0,1.0,0.9868421052631579,,,0.2591574
