class,class_index,n_positives,positive_ratio,is_rare,f1_score,pr_auc,pr_auc_ci_lower,pr_auc_ci_upper,roc_auc,roc_auc_ci_lower,roc_auc_ci_upper,optimal_threshold
Class_0,0,23,0.1503267973856209,False,0.851063829787234,0.8846436855644133,0.7498024192793787,0.9843873152709359,0.9722408026755852,0.9357775919732442,0.9968106934196042,0.15203005
Class_1,1,3,0.0196078431372549,True,0.5,0.5074074074074074,0.0,1.0,0.9688888888888889,,,0.07634372
Class_2,2,36,0.23529411764705882,False,0.821917808219178,0.8204022570864395,0.6882873996679065,0.9324160834998679,0.9444444444444445,0.9042857924538958,0.976482601720805,0.51950496
Class_3,3,66,0.43137254901960786,False,0.8970588235294118,0.9605697671254314,0.9279697321904328,0.9845447329994553,0.963775687913619,0.9363335987435095,0.985967168577311,0.5705655
Class_4,4,32,0.20915032679738563,False,0.8823529411764706,0.9331558181867926,0.8668210995772488,0.9840436845849286,0.9788223140495868,0.958805269533616,0.9951948717897606,0.63207746
Class_5,5,4,0.026143790849673203,True,0.2857142857142857,0.19452063740856845,0.037037037037037035,0.6036612088628216,0.9043624161073825,,,0.07311498
