class,class_index,n_positives,positive_ratio,is_rare,f1_score,pr_auc,pr_auc_ci_lower,pr_auc_ci_upper,roc_auc,roc_auc_ci_lower,roc_auc_ci_upper,optimal_threshold
Class_0,0,177,0.3094405594405594,False,0.5962264150943396,0.8467887258451353,0.7851594864216106,0.9019054905478076,0.928527497675749,0.9052857332335049,0.9504115372761922,0.95480126
Class_1,1,22,0.038461538461538464,True,0.2553191489361702,0.3792508638434452,0.2093353740077845,0.5939794943817522,0.8961157024793389,0.7934736533666868,0.961999527602908,0.022655902
Class_2,2,100,0.17482517482517482,False,0.40848806366047746,0.2940419601447166,0.2326287283104791,0.36886316851229706,0.7116737288135594,0.6667542146496958,0.7610431804841249,0.09200762
Class_3,3,246,0.43006993006993005,False,0.6467889908256881,0.7084478824209449,0.6404693664505521,0.7740173230141932,0.8197790413486956,0.7861176241491119,0.8533938505034336,0.691823
Class_4,4,47,0.08216783216783216,False,0.44025157232704404,0.5871932731142442,0.45505400953278236,0.7079937957830595,0.8697872340425533,0.8039955500756256,0.9263118269473946,0.2847848
Class_5,5,10,0.017482517482517484,True,0.23809523809523808,0.18554205516150987,0.03644183470350413,0.4367365940134779,0.8138790035587189,0.6866120434004896,0.930862145390071,0.13735986
