model,macro_pr_auc_mean,macro_pr_auc_std,macro_pr_auc_ci_lower,macro_pr_auc_ci_upper,micro_pr_auc_mean,micro_pr_auc_std,macro_roc_auc_mean,macro_roc_auc_std,micro_roc_auc_mean,micro_roc_auc_std,mean_f1_mean,mean_f1_std
single_embedding_1,0.647540178724013,0.0454868869869349,0.619347114080333,0.675733243367693,0.8432867924014001,0.032767322316798554,,,0.9547282521872786,0.009444790528701733,0.6451640876234443,0.05237040579225362
single_embedding_2,0.6762687491509856,0.07696974808674127,0.6285624050338215,0.7239750932681496,0.8912299056111772,0.02228195353561394,,,0.9685511224490609,0.007193212710869137,0.6699026883704373,0.08028298736923084
single_embedding_3,0.694697896304676,0.07984995247967328,0.6452063830098484,0.7441894095995036,0.8968288325731594,0.02699626657130091,,,0.9718415291614168,0.0071307218781328455,0.6942486247605666,0.08450848045935773
combined_embedding_1_2,0.6982782093588089,0.06710997348846666,0.6566830168511432,0.7398734018664747,0.8829224522449797,0.02818624641837677,,,0.9640520484345558,0.011890610759261027,0.6892293533572771,0.06994232029480078
combined_embedding_1_3,0.7123774338261064,0.07820924583815114,0.6639028410433164,0.7608520266088964,0.8802060948667414,0.02980542057563383,,,0.9655592848597367,0.008978556522120559,0.7070854288395956,0.0722465923599894
combined_embedding_2_3,0.6881029879432361,0.060478093989189324,0.650618276935127,0.7255876989513452,0.9042664933831872,0.029967563145749075,,,0.9725496746794977,0.008850845219125464,0.6772120997965727,0.059500809276695446
combined_embedding_all,0.7218921167651897,0.07566586072251437,0.6749939304091468,0.7687903031212326,0.9019018506670395,0.02311605730959045,,,0.9706571266593294,0.009005972646101257,0.7145122206147783,0.07747213065510143
