class,class_index,n_positives,positive_ratio,is_rare,f1_score,pr_auc,pr_auc_ci_lower,pr_auc_ci_upper,roc_auc,roc_auc_ci_lower,roc_auc_ci_upper,optimal_threshold
Class_0,0,177,0.3094405594405594,False,0.3391304347826087,0.6153628460648182,0.5394294479925408,0.6899873720468924,0.780647929628835,0.740375561340859,0.8176910574267202,0.8964417
Class_1,1,22,0.038461538461538464,True,0.030303030303030304,0.05708552153866779,0.032077834692058264,0.10209235861572284,0.6272727272727273,0.5153285147595854,0.7343955132681564,0.10247378
Class_2,2,100,0.17482517482517482,False,0.35014836795252224,0.244549835177499,0.1979776199595133,0.3242735955149451,0.6500423728813559,0.5978872218840127,0.6981717192357687,0.28147933
Class_3,3,246,0.43006993006993005,False,0.5741176470588235,0.7090505096755366,0.6530594220947827,0.7650614440345535,0.7620080802035014,0.7239410171076643,0.795480191921557,0.46258947
Class_4,4,47,0.08216783216783216,False,0.20238095238095238,0.21224324345990395,0.12458971856477248,0.3406297317862198,0.6905775075987842,0.6206775500084909,0.764766502414645,0.4154058
Class_5,5,10,0.017482517482517484,True,0.08695652173913043,0.12627430007678256,0.01136059811029435,0.35145628854852123,0.5569395017793595,0.3416281238309905,0.768134272660482,0.21676901
