class,class_index,n_positives,positive_ratio,is_rare,f1_score,pr_auc,pr_auc_ci_lower,pr_auc_ci_upper,roc_auc,roc_auc_ci_lower,roc_auc_ci_upper,optimal_threshold
Class_0,0,23,0.1503267973856209,False,0.7755102040816326,0.8449492411476732,0.7053754866038997,0.9458168094167636,0.9665551839464883,0.9382714332797758,0.9880505147838684,0.24556321
Class_1,1,3,0.0196078431372549,True,0.5714285714285714,0.3253968253968254,0.0,1.0,0.9511111111111111,,,0.07334313
Class_2,2,36,0.23529411764705882,False,0.6666666666666666,0.6849788422103019,0.5389529896977193,0.8373201635170847,0.8817663817663817,0.8255046563020701,0.9352155217612779,0.16790129
Class_3,3,66,0.43137254901960786,False,0.8391608391608392,0.9106545806689847,0.8525547426491018,0.9596059452784668,0.921281783350749,0.8745427881297446,0.9647311217682327,0.6681554
Class_4,4,32,0.20915032679738563,False,0.8253968253968254,0.8289223638164601,0.683763609285303,0.934694016484676,0.9429235537190083,0.8997227702547854,0.9781270808111381,0.7077285
Class_5,5,4,0.026143790849673203,True,0.6666666666666666,0.6666666666666666,0.16666666666666666,1.0,0.9848993288590604,,,0.069495745
