class,class_index,n_positives,positive_ratio,is_rare,f1_score,pr_auc,pr_auc_ci_lower,pr_auc_ci_upper,roc_auc,roc_auc_ci_lower,roc_auc_ci_upper,optimal_threshold
Class_0,0,28,0.18181818181818182,False,0.9285714285714286,0.9645154752624513,0.9039358727675905,1.0,0.9844104308390021,0.9528586442874529,1.0,0.7867047
Class_1,1,1,0.006493506493506494,True,0.5,0.3333333333333333,0.0,1.0,0.9869281045751634,,,0.17335244
Class_2,2,27,0.17532467532467533,False,0.746268656716418,0.7923318251585345,0.6474556602085814,0.9134230112680208,0.9399241761446485,0.8923838476843621,0.9750653141801076,0.25918713
Class_3,3,67,0.43506493506493504,False,0.8970588235294118,0.9476290834810197,0.9040689747921979,0.9803916706860452,0.9600274489620861,0.9298608293792884,0.9827412107084212,0.41868183
Class_4,4,35,0.22727272727272727,False,0.8484848484848485,0.9346499796782795,0.8751260996017407,0.9783272462698727,0.9762304921968787,0.9531752701080433,0.9930904001185875,0.5312125
Class_5,5,1,0.006493506493506494,True,1.0,1.0,0.0,1.0,1.0,,,0.28392026
