class,class_index,n_positives,positive_ratio,is_rare,f1_score,pr_auc,pr_auc_ci_lower,pr_auc_ci_upper,roc_auc,roc_auc_ci_lower,roc_auc_ci_upper,optimal_threshold
Class_0,0,24,0.15584415584415584,False,0.8846153846153846,0.9173932996477041,0.8230788617305428,0.9837219379170432,0.9791666666666666,0.949308933252672,0.9978994344818287,0.3513466
Class_1,1,0,0.0,True,0.0,0.0,0.0,0.0,,,,0.0011736914
Class_2,2,27,0.17532467532467533,False,0.65625,0.568152137416925,0.3972607341309207,0.7761742878259689,0.8827646544181976,0.8175976422741503,0.9430998232014144,0.31442532
Class_3,3,78,0.5064935064935064,False,0.8607594936708861,0.9384867746962637,0.8963490697067935,0.9682633040111516,0.9333670715249662,0.8909118010937144,0.9642439631539698,0.7047367
Class_4,4,36,0.23376623376623376,False,0.7441860465116279,0.834900669513504,0.724971070976456,0.9181590591421454,0.9383239171374764,0.8947160232126893,0.9701048970400716,0.1228305
Class_5,5,2,0.012987012987012988,True,0.6666666666666666,0.5285714285714286,0.0,1.0,0.8914473684210527,,,0.21562375
