class,class_index,n_positives,positive_ratio,is_rare,f1_score,pr_auc,pr_auc_ci_lower,pr_auc_ci_upper,roc_auc,roc_auc_ci_lower,roc_auc_ci_upper,optimal_threshold
Class_0,0,25,0.16339869281045752,False,0.7407407407407407,0.8275985813798749,0.6948699616600226,0.9312312530085348,0.959375,0.9282016594516594,0.9848484848484849,0.39922282
Class_1,1,2,0.013071895424836602,True,0.4,0.1875,0.0,1.0,0.8410596026490066,,,0.19792892
Class_2,2,25,0.16339869281045752,False,0.7017543859649122,0.617757770363012,0.4424370307170251,0.8394795392330647,0.91703125,0.8635308915079947,0.960870382477934,0.43439448
Class_3,3,71,0.46405228758169936,False,0.8873239436619719,0.9302727035011336,0.8801377699204006,0.9718521930377201,0.9403126073514256,0.9036266778328332,0.9718083402951825,0.71015334
Class_4,4,38,0.24836601307189543,False,0.7654320987654321,0.8473215648656071,0.7484775166031212,0.9240592737988722,0.9331807780320367,0.8900723578269345,0.969379779577148,0.17794684
Class_5,5,1,0.006535947712418301,True,1.0,1.0,0.0,1.0,1.0,,,0.28721014
