class,class_index,n_positives,positive_ratio,is_rare,f1_score,pr_auc,pr_auc_ci_lower,pr_auc_ci_upper,roc_auc,roc_auc_ci_lower,roc_auc_ci_upper,optimal_threshold
Class_0,0,177,0.3094405594405594,False,0.6605504587155964,0.7091292319100517,0.6309465010622752,0.795114783161161,0.8846742473002931,0.8556357111442896,0.9120272695212291,0.7701509
Class_1,1,22,0.038461538461538464,True,0.18994413407821228,0.1743029568198332,0.0866067739960371,0.3395051465156202,0.803801652892562,0.6804075227097648,0.8999662751335221,0.017898608
Class_2,2,100,0.17482517482517482,False,0.3785488958990536,0.2737309500735945,0.21933728175744885,0.3471230123428147,0.7083686440677966,0.6594016754290001,0.7524365171707749,0.38021466
Class_3,3,246,0.43006993006993005,False,0.5354330708661418,0.7308765839493179,0.6742706097653607,0.7794910976678553,0.791722779190982,0.7553164208377935,0.8285736164177951,0.5309038
Class_4,4,47,0.08216783216783216,False,0.46846846846846846,0.4511939805505887,0.31958859018138175,0.5927161976822265,0.859614994934144,0.8107531967539678,0.9066677953287596,0.3396113
Class_5,5,10,0.017482517482517484,True,0.16666666666666666,0.15606254204258274,0.021380581267813472,0.4300068450692267,0.7199288256227757,0.5478591934513538,0.8824927755607541,0.2364578
