class,class_index,n_positives,positive_ratio,is_rare,f1_score,pr_auc,pr_auc_ci_lower,pr_auc_ci_upper,roc_auc,roc_auc_ci_lower,roc_auc_ci_upper,optimal_threshold
Class_0,0,71,0.17317073170731706,False,0.7692307692307693,0.8609278983771655,0.7744313044961881,0.9293462484406161,0.9716232498234243,0.956889676658281,0.9850477819814197,0.7701509
Class_1,1,3,0.007317073170731708,True,0.15384615384615385,0.09908609908609908,0.0,0.317953477443609,0.9533169533169533,,,0.017898608
Class_2,2,81,0.1975609756097561,False,0.7692307692307693,0.836195883239419,0.7543181203711472,0.9077156110853629,0.9465270741866487,0.9151876882175795,0.9710363639718107,0.38021466
Class_3,3,176,0.4292682926829268,False,0.8806818181818182,0.9345016267093154,0.8918714787574058,0.9665901511813763,0.9600087412587414,0.9416154696927788,0.9758739173042827,0.5309038
Class_4,4,93,0.22682926829268293,False,0.7865168539325843,0.9131418677471546,0.8701847062130664,0.9496390390338704,0.9620772701061702,0.9391943520760951,0.9794973340278648,0.3396113
Class_5,5,10,0.024390243902439025,True,0.5333333333333333,0.6670020996777238,0.3243945494864614,0.8940674603174602,0.92475,0.7743098549719837,0.9964420226130654,0.2364578
