class,class_index,n_positives,positive_ratio,is_rare,f1_score,pr_auc,pr_auc_ci_lower,pr_auc_ci_upper,roc_auc,roc_auc_ci_lower,roc_auc_ci_upper,optimal_threshold
Class_0,0,24,0.15584415584415584,False,0.8444444444444444,0.8990566561752833,0.7804568615672396,0.9722823959129105,0.9666666666666668,0.9298245614035088,0.9931170567400515,0.50462687
Class_1,1,0,0.0,True,0.0,0.0,0.0,0.0,,,,1.2093719e-05
Class_2,2,27,0.17532467532467533,False,0.7058823529411765,0.6670937191381698,0.4905056135599697,0.8613037213441361,0.9206765820939049,0.8733468830167415,0.9608451017702901,0.59465176
Class_3,3,78,0.5064935064935064,False,0.8627450980392157,0.9270161684756049,0.8751741186668959,0.9659329480608908,0.9289811066126855,0.8893105734910589,0.9643892881262014,0.40795404
Class_4,4,36,0.23376623376623376,False,0.8823529411764706,0.9372592519294755,0.8783939669783174,0.981398351566408,0.9726930320150659,0.9462360448211542,0.9922761343012704,0.66686124
Class_5,5,2,0.012987012987012988,True,0.13333333333333333,0.07417582417582418,0.0,0.25,0.8750000000000001,,,0.022157434
