class,class_index,n_positives,positive_ratio,is_rare,f1_score,pr_auc,pr_auc_ci_lower,pr_auc_ci_upper,roc_auc,roc_auc_ci_lower,roc_auc_ci_upper,optimal_threshold
Class_0,0,25,0.16339869281045752,False,0.819672131147541,0.9061830406248902,0.8074792171650188,0.9720948380750801,0.9796875,0.9582823953823953,0.994286430960344,0.14518473
Class_1,1,2,0.013071895424836602,True,0.5,0.3269230769230769,0.0,1.0,0.9602649006622517,,,0.12517962
Class_2,2,25,0.16339869281045752,False,0.7777777777777778,0.7290123384242716,0.5597612473145595,0.9033820335322142,0.93296875,0.8684036701284985,0.9783595363590033,0.6480984
Class_3,3,71,0.46405228758169936,False,0.9006622516556292,0.9703539877642721,0.9460895376897118,0.988234162471326,0.971058055650979,0.9474015795269989,0.9885317371730475,0.16958949
Class_4,4,38,0.24836601307189543,False,0.8823529411764706,0.9444319745663501,0.888485007611219,0.9821165682812791,0.976887871853547,0.9546382182080113,0.991696127946128,0.8448682
Class_5,5,1,0.006535947712418301,True,1.0,1.0,0.0,1.0,1.0,,,0.56075746
