class,class_index,n_positives,positive_ratio,is_rare,f1_score,pr_auc,pr_auc_ci_lower,pr_auc_ci_upper,roc_auc,roc_auc_ci_lower,roc_auc_ci_upper,optimal_threshold
Class_0,0,48,0.1563517915309446,False,0.8627450980392157,0.9031263542602572,0.8225631648804053,0.9687903642558084,0.9774774774774775,0.9577571223613286,0.9933084907408379,0.460953
Class_1,1,2,0.006514657980456026,True,0.13333333333333333,0.05295429208472687,0.0,0.21834353812093527,0.8704918032786885,,,0.0567573
Class_2,2,58,0.18892508143322476,False,0.7787610619469026,0.8180383565967221,0.7183534651643468,0.8946705841630003,0.9261182661681208,0.8858835724512261,0.9610875141703462,0.24402961
Class_3,3,134,0.4364820846905538,False,0.8833922261484098,0.9398500643296755,0.8980714130809876,0.9693848935414303,0.9572081787593822,0.9380366226457739,0.9750159826728546,0.6436928
Class_4,4,71,0.23127035830618892,False,0.8955223880597015,0.9473219584430579,0.9058760423316816,0.9774813593620567,0.9753521126760564,0.9524568965517242,0.9919567352983613,0.35200226
Class_5,5,4,0.013029315960912053,True,0.8571428571428571,0.7704081632653061,0.021739130434782608,1.0,0.9628712871287128,,,0.18361577
