class,class_index,n_positives,positive_ratio,is_rare,f1_score,pr_auc,pr_auc_ci_lower,pr_auc_ci_upper,roc_auc,roc_auc_ci_lower,roc_auc_ci_upper,optimal_threshold
Class_0,0,28,0.18181818181818182,False,0.9433962264150944,0.977622265122265,0.936451754385965,1.0,0.9937641723356009,0.9840020456333596,1.0,0.50214124
Class_1,1,1,0.006493506493506494,True,0.3333333333333333,0.2,0.0,0.6666666666666666,0.9738562091503268,,,0.094712794
Class_2,2,32,0.2077922077922078,False,0.8484848484848485,0.9066300618491792,0.8104587349383814,0.9712983448508414,0.9692622950819672,0.9389975663586669,0.9910399393518896,0.308652
Class_3,3,60,0.38961038961038963,False,0.8615384615384616,0.9481972448945337,0.9067282249553322,0.9762508492742022,0.9622340425531914,0.9325597453986839,0.983943313028064,0.299201
Class_4,4,37,0.24025974025974026,False,0.9,0.9673455028619411,0.928504508573045,0.993470182756592,0.9868329868329868,0.9681147241505297,0.9975179948487295,0.64213985
Class_5,5,3,0.01948051948051948,True,0.8,0.6768707482993197,0.0,1.0,0.7902869757174393,,,0.54906243
