class,class_index,n_positives,positive_ratio,is_rare,f1_score,pr_auc,pr_auc_ci_lower,pr_auc_ci_upper,roc_auc,roc_auc_ci_lower,roc_auc_ci_upper,optimal_threshold
Class_0,0,28,0.18181818181818182,False,0.72,0.7984306436821541,0.6551062127138848,0.9102490039782344,0.9348072562358276,0.8873100841944125,0.9725938140368853,0.65750664
Class_1,1,1,0.006493506493506494,True,0.03571428571428571,0.01818181818181818,0.0,0.061256377551020376,0.6470588235294117,,,0.012076108
Class_2,2,32,0.2077922077922078,False,0.7761194029850746,0.7931431988501008,0.6466217033359387,0.9212472517198033,0.9357069672131147,0.8842909482758621,0.9743452922911705,0.33329478
Class_3,3,60,0.38961038961038963,False,0.8455284552845529,0.9335022420840475,0.8867426695240868,0.9696985050035397,0.9533687943262412,0.9221146680216803,0.9758692132210823,0.7088301
Class_4,4,37,0.24025974025974026,False,0.7631578947368421,0.831185686142875,0.6961781379315268,0.9259733583472897,0.9390159390159389,0.897671729763341,0.9704323933874626,0.40891767
Class_5,5,3,0.01948051948051948,True,0.8,0.6753623188405796,0.0,1.0,0.7527593818984547,,,0.26179445
