class,class_index,n_positives,positive_ratio,is_rare,f1_score,pr_auc,pr_auc_ci_lower,pr_auc_ci_upper,roc_auc,roc_auc_ci_lower,roc_auc_ci_upper,optimal_threshold
Class_0,0,21,0.13636363636363635,False,0.8095238095238095,0.7724393082387333,0.5854118364343943,0.948821755041699,0.9706408879341211,0.9428862983773713,0.9914180019022534,0.8122844
Class_1,1,1,0.006493506493506494,True,0.05555555555555555,0.02857142857142857,0.0,0.09098011363636357,0.7777777777777778,,,0.0032473856
Class_2,2,31,0.2012987012987013,False,0.8285714285714286,0.8482604027180368,0.7140973240644253,0.9449402031634574,0.946236559139785,0.8975721014212137,0.9846811735261402,0.228844
Class_3,3,67,0.43506493506493504,False,0.9090909090909091,0.9684918919983544,0.9397172031803058,0.9911436577327148,0.9754674901355292,0.9542536709193713,0.9910265888131515,0.48705816
Class_4,4,36,0.23376623376623376,False,0.8656716417910447,0.9400200871324562,0.8807592095937685,0.9828570175684797,0.9752824858757062,0.9523549367809804,0.9924734616223552,0.84173805
Class_5,5,3,0.01948051948051948,True,0.8,0.8095238095238095,0.0,1.0,0.9911699779249448,,,0.5665899
