class,class_index,n_positives,positive_ratio,is_rare,f1_score,pr_auc,pr_auc_ci_lower,pr_auc_ci_upper,roc_auc,roc_auc_ci_lower,roc_auc_ci_upper,optimal_threshold
Class_0,0,31,0.2012987012987013,False,0.9206349206349206,0.9601053944400956,0.8976870171266829,0.9973627257930774,0.9908208759506949,0.9771481307826957,0.999475478625754,0.39828205
Class_1,1,1,0.006493506493506494,True,0.125,0.06666666666666667,0.0,0.21428571428571427,0.9084967320261438,,,0.036931224
Class_2,2,24,0.15584415584415584,False,0.6896551724137931,0.6355577317955177,0.4671178478703832,0.8391572944396002,0.9153846153846155,0.8481811404844735,0.9683834803528468,0.2960045
Class_3,3,76,0.4935064935064935,False,0.8741721854304636,0.943102143571162,0.9044305293106698,0.9724488129241473,0.9419703103913629,0.9028424413243558,0.9711849291346973,0.57363397
Class_4,4,31,0.2012987012987013,False,0.8387096774193549,0.9015139231329783,0.8108324021613663,0.9660689106803478,0.9622344610542879,0.9296984459162985,0.9895274322593733,0.6947693
Class_5,5,1,0.006493506493506494,True,0.045454545454545456,0.023255813953488372,0.0,0.07894736842105263,0.7254901960784313,,,0.018869093
