class,class_index,n_positives,positive_ratio,is_rare,f1_score,pr_auc,pr_auc_ci_lower,pr_auc_ci_upper,roc_auc,roc_auc_ci_lower,roc_auc_ci_upper,optimal_threshold
Class_0,0,29,0.1895424836601307,False,0.8787878787878788,0.9326817378571105,0.8561083923976609,0.9857922296676992,0.9844271412680756,0.9672839538302027,0.9961085241411336,0.46650824
Class_1,1,0,0.0,True,0.0,0.0,0.0,0.0,,,,3.09671e-05
Class_2,2,22,0.1437908496732026,False,0.6666666666666666,0.683456757291373,0.481950001878673,0.8493161495383319,0.9323386537126995,0.8875827067669173,0.9677002583979328,0.25064895
Class_3,3,63,0.4117647058823529,False,0.8636363636363636,0.9415117669961542,0.8934595589022957,0.9737669117964054,0.9560846560846561,0.9260668780629298,0.9803204458376872,0.30293778
Class_4,4,43,0.28104575163398693,False,0.775,0.8619208028653376,0.7739309568927082,0.9274326820448641,0.9319238900634251,0.894073889655285,0.9632187089485713,0.6820865
Class_5,5,3,0.0196078431372549,True,0.3333333333333333,0.16534961685823754,0.0,0.7037393162393162,0.8711111111111111,,,0.25143442
