class,class_index,n_positives,positive_ratio,is_rare,f1_score,pr_auc,pr_auc_ci_lower,pr_auc_ci_upper,roc_auc,roc_auc_ci_lower,roc_auc_ci_upper,optimal_threshold
Class_0,0,48,0.1563517915309446,False,0.8602150537634409,0.8956069874617747,0.7979296208193652,0.9657048193310649,0.9808558558558559,0.964914472915615,0.99313421154246,0.7701509
Class_1,1,2,0.006514657980456026,True,0.06666666666666667,0.024899396378269618,0.0,0.10526599999187972,0.7262295081967213,,,0.017898608
Class_2,2,58,0.18892508143322476,False,0.8067226890756303,0.8427821454060581,0.7613679816499528,0.9170640678415078,0.9495914693255783,0.9207169187033764,0.9745239165945073,0.38021466
Class_3,3,134,0.4364820846905538,False,0.896797153024911,0.9571644066446856,0.9333457012572655,0.9763033660474525,0.9670865326546458,0.948741068195396,0.9811409110259685,0.5309038
Class_4,4,71,0.23127035830618892,False,0.8666666666666667,0.9477545461524508,0.9108586873590553,0.9772822487998944,0.9794700405824779,0.9660010155249305,0.9912095027369804,0.3396113
Class_5,5,4,0.013029315960912053,True,0.8571428571428571,0.8214285714285714,0.1248161764705884,1.0,0.9917491749174917,,,0.2364578
