class,class_index,n_positives,positive_ratio,is_rare,f1_score,pr_auc,pr_auc_ci_lower,pr_auc_ci_upper,roc_auc,roc_auc_ci_lower,roc_auc_ci_upper,optimal_threshold
Class_0,0,31,0.20261437908496732,False,0.7666666666666667,0.7765218099413832,0.622716728883508,0.9275859091309476,0.9504230565838181,0.9147716005240132,0.9788502398738619,0.39256483
Class_1,1,0,0.0,True,0.0,0.0,0.0,0.0,,,,0.0019395704
Class_2,2,33,0.21568627450980393,False,0.6027397260273972,0.6614666000450753,0.5154676869695033,0.8021942655505316,0.8361111111111111,0.7601540210915434,0.9047655100804707,0.23550332
Class_3,3,56,0.3660130718954248,False,0.864406779661017,0.8958230348799231,0.8244850580445194,0.9540601380990122,0.9385125184094256,0.8993997504336059,0.9709709944122449,0.77960604
Class_4,4,37,0.24183006535947713,False,0.8055555555555556,0.8609316964184538,0.7526702884895129,0.9390293552113185,0.9220643056849954,0.8564926011741918,0.9741479435467372,0.28850368
Class_5,5,1,0.006535947712418301,True,0.6666666666666666,0.5,0.0,1.0,0.993421052631579,,,0.12294784
