class,class_index,n_positives,positive_ratio,is_rare,f1_score,pr_auc,pr_auc_ci_lower,pr_auc_ci_upper,roc_auc,roc_auc_ci_lower,roc_auc_ci_upper,optimal_threshold
Class_0,0,71,0.17317073170731706,False,0.8082191780821918,0.8788814406671783,0.8069123359304773,0.9338408499395362,0.9670946030163281,0.9453326350335052,0.9848789789937249,0.460953
Class_1,1,3,0.007317073170731708,True,0.21052631578947367,0.24060150375939848,0.0,0.8623529411764674,0.9606879606879607,,,0.0567573
Class_2,2,81,0.1975609756097561,False,0.7065868263473054,0.8038774888487317,0.7280797836168267,0.8729969522849448,0.9270141468723029,0.8954256695674931,0.9544909006252965,0.24402961
Class_3,3,176,0.4292682926829268,False,0.8666666666666667,0.9371253537283759,0.8973503828086099,0.9677943131237212,0.9588189588189588,0.9402145275626361,0.9754390992596961,0.6436928
Class_4,4,93,0.22682926829268293,False,0.850828729281768,0.941058110214032,0.9016661117325602,0.9723269185841951,0.9760523727146299,0.9587873376623377,0.9884077200807878,0.35200226
Class_5,5,10,0.024390243902439025,True,0.21052631578947367,0.24755742138286313,0.08021709013228114,0.5794527041585864,0.911,0.8571080357142858,0.9570387963291189,0.18361577
