class,class_index,n_positives,positive_ratio,is_rare,f1_score,pr_auc,pr_auc_ci_lower,pr_auc_ci_upper,roc_auc,roc_auc_ci_lower,roc_auc_ci_upper,optimal_threshold
Class_0,0,29,0.1895424836601307,False,0.8727272727272727,0.9553099531730757,0.8977779929117511,0.9886960270736362,0.9877641824249166,0.9717062674374077,0.997355896351137,0.82386684
Class_1,1,0,0.0,True,0.0,0.0,0.0,0.0,,,,8.672252e-06
Class_2,2,22,0.1437908496732026,False,0.6666666666666666,0.6973008255404586,0.5176888205624249,0.8634816290054356,0.9174184594031922,0.855939138692762,0.9649770654449144,0.49918973
Class_3,3,63,0.4117647058823529,False,0.8840579710144928,0.9187840313656088,0.8531973361838919,0.9713370775982769,0.9509700176366843,0.9164791635160865,0.9792684450323338,0.39214826
Class_4,4,43,0.28104575163398693,False,0.8809523809523809,0.9278106922465589,0.8631446039159659,0.9760154449020649,0.9646934460887949,0.9365048490792198,0.9886214365428113,0.26231214
Class_5,5,3,0.0196078431372549,True,0.4444444444444444,0.3611111111111111,0.0,1.0,0.9688888888888889,,,0.11561377
