class,class_index,n_positives,positive_ratio,is_rare,f1_score,pr_auc,pr_auc_ci_lower,pr_auc_ci_upper,roc_auc,roc_auc_ci_lower,roc_auc_ci_upper,optimal_threshold
Class_0,0,31,0.20261437908496732,False,0.8955223880597015,0.8607670101379894,0.7219629078048446,0.9801597860473736,0.9750132205182442,0.9514292423743115,0.9952038860262545,0.44452396
Class_1,1,0,0.0,True,0.0,0.0,0.0,0.0,,,,1.2643934e-05
Class_2,2,33,0.21568627450980393,False,0.8,0.8375127145109621,0.7206125458034235,0.9313331470936604,0.9303030303030303,0.8796368038740919,0.9677173824394348,0.3316263
Class_3,3,56,0.3660130718954248,False,0.8672566371681416,0.9244571371470747,0.868249690167289,0.9706479903074233,0.9515832106038291,0.9173259348988464,0.980206241901263,0.71263117
Class_4,4,37,0.24183006535947713,False,0.8695652173913043,0.9090397563428624,0.8270867832291797,0.9720879176472677,0.9274231127679403,0.8459662520060074,0.9867214721254356,0.3511358
Class_5,5,1,0.006535947712418301,True,0.058823529411764705,0.030303030303030304,0.0,0.1072420634920634,0.7894736842105263,,,0.018353153
