class,class_index,n_positives,positive_ratio,is_rare,f1_score,pr_auc,pr_auc_ci_lower,pr_auc_ci_upper,roc_auc,roc_auc_ci_lower,roc_auc_ci_upper,optimal_threshold
Class_0,0,31,0.20261437908496732,False,0.8235294117647058,0.8005094388418375,0.6531841374336111,0.9496345119733673,0.9636435748281333,0.9318726781464833,0.9861095661846497,0.4558743
Class_1,1,0,0.0,True,0.0,0.0,0.0,0.0,,,,0.00039449325
Class_2,2,33,0.21568627450980393,False,0.7407407407407407,0.8427247362141568,0.7366936484297903,0.9280450826057565,0.9378787878787879,0.8950190604909729,0.9705237406340483,0.5780927
Class_3,3,56,0.3660130718954248,False,0.8571428571428571,0.9020738110291123,0.8229181470212051,0.9576941653981841,0.9412739322533137,0.9032044719711448,0.9755885689202579,0.58661
Class_4,4,37,0.24183006535947713,False,0.8059701492537313,0.8792204338593524,0.7955127778277539,0.9523209509248851,0.9311509785647716,0.8709705119918698,0.9753050009390392,0.5914194
Class_5,5,1,0.006535947712418301,True,0.6666666666666666,0.5,0.0,1.0,0.993421052631579,,,0.32635248
