class,class_index,n_positives,positive_ratio,is_rare,f1_score,pr_auc,pr_auc_ci_lower,pr_auc_ci_upper,roc_auc,roc_auc_ci_lower,roc_auc_ci_upper,optimal_threshold
Class_0,0,31,0.2012987012987013,False,0.8484848484848485,0.9022679847912005,0.8101615747887877,0.9701186611665701,0.973511670600577,0.9512529228843386,0.9917388967278102,0.13297285
Class_1,1,1,0.006493506493506494,True,0.3333333333333333,0.2,0.0,0.6666666666666666,0.9738562091503268,,,0.055233825
Class_2,2,24,0.15584415584415584,False,0.6382978723404256,0.6643052961907715,0.4844741102339446,0.8352494380518346,0.860576923076923,0.7637144454382827,0.9396209343112245,0.3724236
Class_3,3,76,0.4935064935064935,False,0.8809523809523809,0.9504711820120806,0.9184938363827483,0.9752230723279224,0.9483805668016194,0.9147867799018342,0.9746646799238263,0.6951154
Class_4,4,31,0.2012987012987013,False,0.8070175438596491,0.868627643516295,0.7647792979754231,0.9470642989790166,0.953842119066352,0.9144303808648955,0.9860526833370634,0.49379233
Class_5,5,1,0.006493506493506494,True,0.08333333333333333,0.043478260869565216,0.0,0.14285714285714285,0.8562091503267973,,,0.024613589
