class,class_index,n_positives,positive_ratio,is_rare,f1_score,pr_auc,pr_auc_ci_lower,pr_auc_ci_upper,roc_auc,roc_auc_ci_lower,roc_auc_ci_upper,optimal_threshold
Class_0,0,71,0.17317073170731706,False,0.6551724137931034,0.8316485417481481,0.7581171929267013,0.9033781606730678,0.9570401761602061,0.9355990733919264,0.9756697528763302,0.8964417
Class_1,1,3,0.007317073170731708,True,0.0,0.09663865546218486,0.0,0.4250367647058823,0.8746928746928747,,,0.10247378
Class_2,2,81,0.1975609756097561,False,0.7415730337078652,0.8084284308331576,0.7163879359255594,0.8776251171578654,0.9145558932792975,0.8693858292882105,0.9511473425174705,0.28147933
Class_3,3,176,0.4292682926829268,False,0.8609625668449198,0.9199097719968542,0.8847582218898449,0.9533368038098347,0.945561383061383,0.9231009830492786,0.9639043502547984,0.46258947
Class_4,4,93,0.22682926829268293,False,0.8260869565217391,0.8803058270950225,0.8201483022376709,0.9301497027715818,0.9464740002035209,0.9168008635831382,0.9711022281344149,0.4154058
Class_5,5,10,0.024390243902439025,True,0.35294117647058826,0.49234448856116464,0.19299536860198627,0.790474044194744,0.92825,0.8347935255036614,0.9925558312655087,0.21676901
