class,class_index,n_positives,positive_ratio,is_rare,f1_score,pr_auc,pr_auc_ci_lower,pr_auc_ci_upper,roc_auc,roc_auc_ci_lower,roc_auc_ci_upper,optimal_threshold
Class_0,0,177,0.3094405594405594,False,0.7791411042944786,0.8699175500793865,0.8127787622245932,0.9206234569302101,0.9410999070299649,0.9172394991377585,0.9614286249179632,0.460953
Class_1,1,22,0.038461538461538464,True,0.22807017543859648,0.2721105532612638,0.11565697654332437,0.45025947316550885,0.8163636363636364,0.7161996489579104,0.8972322349827363,0.0567573
Class_2,2,100,0.17482517482517482,False,0.3525641025641026,0.2548020057213215,0.20148935589889555,0.32643868147055066,0.6818855932203389,0.63362016021522,0.7287287995286795,0.24402961
Class_3,3,246,0.43006993006993005,False,0.57356608478803,0.6908368457997309,0.6231522052501062,0.7620336063253655,0.824243104394234,0.7876561039563676,0.8589115992175329,0.6436928
Class_4,4,47,0.08216783216783216,False,0.4496124031007752,0.6011634375568926,0.45618390816442084,0.7223993821990828,0.8673961499493414,0.8114258154597477,0.9185463822995026,0.35200226
Class_5,5,10,0.017482517482517484,True,0.35714285714285715,0.4646618509303238,0.1490175891702066,0.7556260650425073,0.9375444839857652,0.8602647976930559,0.9876611372856955,0.18361577
