class,class_index,n_positives,positive_ratio,is_rare,f1_score,pr_auc,pr_auc_ci_lower,pr_auc_ci_upper,roc_auc,roc_auc_ci_lower,roc_auc_ci_upper,optimal_threshold
Class_0,0,28,0.18181818181818182,False,0.9180327868852459,0.9665143108063489,0.9189484813985402,0.9967064846980975,0.9923469387755103,0.9818459439790229,0.9987997803287981,0.15264784
Class_1,1,1,0.006493506493506494,True,0.2857142857142857,0.16666666666666666,0.0,0.5,0.9673202614379085,,,0.013536141
Class_2,2,27,0.17532467532467533,False,0.7857142857142857,0.8178992964683738,0.642279916702722,0.9504540148425443,0.9542140565762612,0.9118303764020708,0.984297760770975,0.428345
Class_3,3,67,0.43506493506493504,False,0.9185185185185185,0.9669245076703508,0.9358226997157688,0.9867299747160142,0.9740950420312231,0.9519640706873914,0.9907213265480671,0.53324413
Class_4,4,35,0.22727272727272727,False,0.9090909090909091,0.9681661192991661,0.9257584791707844,0.9952268875436284,0.9884753901560625,0.9749925595238095,0.9977464340581091,0.9115207
Class_5,5,1,0.006493506493506494,True,1.0,1.0,0.0,1.0,1.0,,,0.9801604
