class,class_index,n_positives,positive_ratio,is_rare,f1_score,pr_auc,pr_auc_ci_lower,pr_auc_ci_upper,roc_auc,roc_auc_ci_lower,roc_auc_ci_upper,optimal_threshold
Class_0,0,21,0.13636363636363635,False,0.8571428571428571,0.8161743053703869,0.6353017656197376,0.9824135275073107,0.9752953813104189,0.9473859562481709,0.9954097345459924,0.41933164
Class_1,1,1,0.006493506493506494,True,0.11764705882352941,0.0625,0.0,0.20026315789473662,0.9019607843137255,,,0.06454532
Class_2,2,31,0.2012987012987013,False,0.7741935483870968,0.8048716740783015,0.6571419639405189,0.9192899563441157,0.92656700760556,0.8703315379929111,0.9715798145885877,0.36320955
Class_3,3,67,0.43506493506493504,False,0.9041095890410958,0.9594492896613551,0.9227254902477985,0.9847530928320493,0.9696345856922285,0.9445955128639962,0.9876363367941112,0.43715203
Class_4,4,36,0.23376623376623376,False,0.927536231884058,0.9556060568608364,0.9031291558707449,0.9922866776040151,0.9774011299435028,0.947328120437364,0.9963371697662167,0.548987
Class_5,5,3,0.01948051948051948,True,0.5714285714285714,0.5357142857142857,0.0,1.0,0.9403973509933774,,,0.14068452
