class,class_index,n_positives,positive_ratio,is_rare,f1_score,pr_auc,pr_auc_ci_lower,pr_auc_ci_upper,roc_auc,roc_auc_ci_lower,roc_auc_ci_upper,optimal_threshold
Class_0,0,23,0.1503267973856209,False,0.7843137254901961,0.8407000098798055,0.6826269259111727,0.9602400703376256,0.9658862876254181,0.9344463315217392,0.9898579003478847,0.20740753
Class_1,1,3,0.0196078431372549,True,0.36363636363636365,0.22474747474747475,0.0,0.813690476190476,0.9155555555555556,,,0.052054495
Class_2,2,36,0.23529411764705882,False,0.7384615384615385,0.7854973825869263,0.644525988098899,0.9049217785618265,0.9164292497625831,0.8612160163669524,0.9604949912029757,0.46369267
Class_3,3,66,0.43137254901960786,False,0.8656716417910447,0.9321833325679785,0.882039116752375,0.9698955029966914,0.9435736677115988,0.9074939240829638,0.97222246326507,0.7350269
Class_4,4,32,0.20915032679738563,False,0.8888888888888888,0.9335651425814355,0.8594264455868549,0.9860352613963447,0.9739152892561984,0.9413196410714487,0.9951594656989974,0.7538055
Class_5,5,4,0.026143790849673203,True,0.3333333333333333,0.15636474908200734,0.0109860248447205,0.5422727272727268,0.7885906040268457,,,0.065210074
