class,class_index,n_positives,positive_ratio,is_rare,f1_score,pr_auc,pr_auc_ci_lower,pr_auc_ci_upper,roc_auc,roc_auc_ci_lower,roc_auc_ci_upper,optimal_threshold
Class_0,0,24,0.15584415584415584,False,0.8095238095238095,0.8854059138075515,0.7647948932279646,0.9639169806530917,0.9653846153846154,0.9209900231382092,0.9929824561403507,0.7858126
Class_1,1,0,0.0,True,0.0,0.0,0.0,0.0,,,,9.311289e-05
Class_2,2,27,0.17532467532467533,False,0.7037037037037037,0.7270180740695191,0.5740168393284463,0.9023720851146145,0.9387576552930884,0.8980663793103447,0.9726013260561159,0.44131923
Class_3,3,78,0.5064935064935064,False,0.89171974522293,0.9432944560060701,0.9035427592231299,0.9740657427797605,0.9372469635627532,0.8946389311686116,0.9685817439274718,0.37750894
Class_4,4,36,0.23376623376623376,False,0.9066666666666666,0.9562488165454407,0.9045897286485513,0.9910678271923343,0.9814030131826743,0.9557151443658015,0.9970844837353631,0.31441846
Class_5,5,2,0.012987012987012988,True,0.6666666666666666,0.5454545454545454,0.0,1.0,0.9342105263157895,,,0.812806
