class,class_index,n_positives,positive_ratio,is_rare,f1_score,pr_auc,pr_auc_ci_lower,pr_auc_ci_upper,roc_auc,roc_auc_ci_lower,roc_auc_ci_upper,optimal_threshold
Class_0,0,28,0.18181818181818182,False,0.8727272727272727,0.9284948589407259,0.8531677530893172,0.9834996673392652,0.9787414965986394,0.9564080181683351,0.9953455898883421,0.5393877
Class_1,1,1,0.006493506493506494,True,0.05714285714285714,0.029411764705882353,0.0,0.1,0.7843137254901961,,,0.02853231
Class_2,2,27,0.17532467532467533,False,0.6111111111111112,0.6770629840969491,0.5148756130380145,0.8156414805606246,0.8524351122776319,0.7578237489025462,0.9316334385620966,0.2868122
Class_3,3,67,0.43506493506493504,False,0.8920863309352518,0.9512363366399014,0.9130326183770584,0.9795929209345489,0.9601990049751243,0.9299911925162041,0.98142481959813,0.5107554
Class_4,4,35,0.22727272727272727,False,0.8108108108108109,0.8785785539061294,0.7797426475467572,0.9545241733791751,0.9601440576230491,0.9305306523224043,0.9834712369384424,0.36649093
Class_5,5,1,0.006493506493506494,True,0.5,0.3333333333333333,0.0,1.0,0.9869281045751633,,,0.08804758
