class,class_index,n_positives,positive_ratio,is_rare,f1_score,pr_auc,pr_auc_ci_lower,pr_auc_ci_upper,roc_auc,roc_auc_ci_lower,roc_auc_ci_upper,optimal_threshold
Class_0,0,23,0.1503267973856209,False,0.8695652173913043,0.9051212952349414,0.7900649099129666,0.9818191841833687,0.9762541806020067,0.9486405608755131,0.9953207315138052,0.6049161
Class_1,1,3,0.0196078431372549,True,0.5,0.3555555555555555,0.0,0.9465178571428571,0.9755555555555555,,,0.024877917
Class_2,2,36,0.23529411764705882,False,0.7941176470588235,0.838491706472312,0.7249802536989636,0.9262078794306434,0.9425451092117759,0.9015852223970252,0.9728622095897184,0.6285608
Class_3,3,66,0.43137254901960786,False,0.9172932330827067,0.9520582843231655,0.9097060008843786,0.9822574524700917,0.9609892023685127,0.9292433334310447,0.9856434524728243,0.4966765
Class_4,4,32,0.20915032679738563,False,0.8253968253968254,0.8970070955334181,0.8031821143867258,0.9625240473058593,0.9602272727272727,0.9246379476674528,0.9854307963641296,0.83234173
Class_5,5,4,0.026143790849673203,True,0.6666666666666666,0.5746666666666667,0.00787247785433071,1.0,0.7919463087248322,,,0.1553879
