class,class_index,n_positives,positive_ratio,is_rare,f1_score,pr_auc,pr_auc_ci_lower,pr_auc_ci_upper,roc_auc,roc_auc_ci_lower,roc_auc_ci_upper,optimal_threshold
Class_0,0,21,0.13636363636363635,False,0.7804878048780488,0.7427457515598943,0.5572930444231468,0.9215242011528205,0.9513068385248836,0.9085286704084564,0.9845466914568419,0.35844034
Class_1,1,1,0.006493506493506494,True,0.09090909090909091,0.047619047619047616,0.0,0.15789473684210525,0.869281045751634,,,0.0448508
Class_2,2,31,0.2012987012987013,False,0.6415094339622641,0.7323156355065594,0.5718770355399092,0.8505697541029126,0.8867033831628639,0.8235234093637455,0.9394971328695414,0.6339608
Class_3,3,67,0.43506493506493504,False,0.875,0.9352417239133239,0.8906105124094271,0.9694193031436449,0.9485331960885229,0.9127005787383582,0.9754131386597192,0.66051215
Class_4,4,36,0.23376623376623376,False,0.8,0.8768049247527031,0.7912132205338561,0.9461615380533834,0.9399717514124294,0.8965236612462999,0.9754745534209639,0.67698586
Class_5,5,3,0.01948051948051948,True,0.6666666666666666,0.5317460317460317,0.0,1.0,0.9867549668874172,,,0.22874363
