class,class_index,n_positives,positive_ratio,is_rare,f1_score,pr_auc,pr_auc_ci_lower,pr_auc_ci_upper,roc_auc,roc_auc_ci_lower,roc_auc_ci_upper,optimal_threshold
Class_0,0,35,0.22875816993464052,False,0.8125,0.892764280520322,0.7937236893789291,0.9575530332375651,0.9610169491525424,0.9295248917407013,0.9857144745788321,0.92290515
Class_1,1,1,0.006535947712418301,True,0.15384615384615385,0.08333333333333333,0.0,0.2857142857142857,0.9276315789473685,,,0.027821934
Class_2,2,24,0.1568627450980392,False,0.6666666666666666,0.7594173931594219,0.6124226482399657,0.8894634552490847,0.9118217054263565,0.8432309500867632,0.9675585790582217,0.51425564
Class_3,3,54,0.35294117647058826,False,0.8376068376068376,0.8827141901751443,0.7995469780261313,0.9505333691454215,0.9378974934530491,0.8975373640762262,0.9698943548201566,0.67244583
Class_4,4,39,0.2549019607843137,False,0.8,0.8805653206370777,0.7838095345792214,0.9512125690978868,0.9523166891587944,0.9187313967816639,0.9790320004833132,0.1684438
Class_5,5,3,0.0196078431372549,True,0.5714285714285714,0.3958333333333333,0.0,1.0,0.9644444444444444,,,0.360616
