class,class_index,n_positives,positive_ratio,is_rare,f1_score,pr_auc,pr_auc_ci_lower,pr_auc_ci_upper,roc_auc,roc_auc_ci_lower,roc_auc_ci_upper,optimal_threshold
Class_0,0,35,0.22875816993464052,False,0.9014084507042254,0.8390797692867954,0.6822030488484615,0.9818150652936459,0.9716707021791767,0.9399454304365564,0.9935772833062834,0.8433061
Class_1,1,1,0.006535947712418301,True,0.3333333333333333,0.2,0.0,0.6666666666666666,0.9736842105263157,,,0.04571296
Class_2,2,24,0.1568627450980392,False,0.7777777777777778,0.8563367928668957,0.7175816150200176,0.9505405185585206,0.96156330749354,0.9244238518959269,0.9872806994443419,0.2424722
Class_3,3,54,0.35294117647058826,False,0.9217391304347826,0.9558454074373518,0.9113972456940076,0.9881133877528718,0.9775533108866441,0.955812951662805,0.9926904818352187,0.4223128
Class_4,4,39,0.2549019607843137,False,0.8529411764705882,0.9164631165448061,0.8449685272567864,0.9691611505963001,0.9496176338281601,0.9034228294983443,0.983358627248629,0.89695364
Class_5,5,3,0.0196078431372549,True,0.6666666666666666,0.4191919191919192,0.0,1.0,0.9288888888888889,,,0.48497203
