class,class_index,n_positives,positive_ratio,is_rare,f1_score,pr_auc,pr_auc_ci_lower,pr_auc_ci_upper,roc_auc,roc_auc_ci_lower,roc_auc_ci_upper,optimal_threshold
Class_0,0,48,0.1563517915309446,False,0.8,0.8820612425364476,0.8019962930158777,0.9409283875594087,0.9721685971685972,0.9532056496795303,0.9868055070044658,0.8964417
Class_1,1,2,0.006514657980456026,True,0.2222222222222222,0.08658008658008658,0.0,0.42857142857142855,0.8852459016393442,,,0.10247378
Class_2,2,58,0.18892508143322476,False,0.6608695652173913,0.7053282976994908,0.5919615181814255,0.7998681709448607,0.8786179199556847,0.8272166422365189,0.9254081528572261,0.28147933
Class_3,3,134,0.4364820846905538,False,0.8620689655172413,0.931946549348398,0.886869769864316,0.9650459549237629,0.9516003796048659,0.9286130345788695,0.969885033865513,0.46258947
Class_4,4,71,0.23127035830618892,False,0.8055555555555556,0.9050100147554885,0.8468516305771312,0.9475555059550851,0.9614466459775602,0.9397857501157586,0.9802521740913939,0.4154058
Class_5,5,4,0.013029315960912053,True,0.6,0.525,0.04756493506493511,1.0,0.9818481848184818,,,0.21676901
