class,class_index,n_positives,positive_ratio,is_rare,f1_score,pr_auc,pr_auc_ci_lower,pr_auc_ci_upper,roc_auc,roc_auc_ci_lower,roc_auc_ci_upper,optimal_threshold
Class_0,0,29,0.1895424836601307,False,0.8363636363636363,0.90702140267476,0.8104399475373617,0.9689226306358587,0.9655172413793104,0.9315353235768461,0.9917057515974839,0.5019458
Class_1,1,0,0.0,True,0.0,0.0,0.0,0.0,,,,0.00031147845
Class_2,2,22,0.1437908496732026,False,0.6222222222222222,0.6065991330117537,0.41275538254545424,0.7979949644739263,0.8740458015267175,0.7929290123456791,0.9459792082321304,0.36396894
Class_3,3,63,0.4117647058823529,False,0.8682170542635659,0.9345762681708237,0.8848886826571691,0.9718036419949332,0.9469135802469135,0.9072914587564916,0.9780451127819548,0.6233871
Class_4,4,43,0.28104575163398693,False,0.8297872340425532,0.9059724995958895,0.824321105599162,0.9604277393353452,0.9625792811839324,0.9356331835420262,0.9839119892221396,0.3351005
Class_5,5,3,0.0196078431372549,True,0.2222222222222222,0.10579975579975581,0.0,0.2874070537305831,0.888888888888889,,,0.03725407
