class,class_index,n_positives,positive_ratio,is_rare,f1_score,pr_auc,pr_auc_ci_lower,pr_auc_ci_upper,roc_auc,roc_auc_ci_lower,roc_auc_ci_upper,optimal_threshold
Class_0,0,31,0.2012987012987013,False,0.8823529411764706,0.9506832380102928,0.8922898717424044,0.9904712365297872,0.987411487018096,0.973511670600577,0.9976691945958678,0.23763213
Class_1,1,1,0.006493506493506494,True,0.2,0.1111111111111111,0.0,0.3639204545454543,0.9477124183006536,,,0.075047895
Class_2,2,24,0.15584415584415584,False,0.6956521739130435,0.7018344977552862,0.525178698637037,0.8585995841518425,0.8852564102564102,0.7961498658216284,0.9583333333333333,0.48489383
Class_3,3,76,0.4935064935064935,False,0.88,0.9599251676381318,0.9303527346962271,0.9828948230872097,0.9549595141700404,0.9237432523616734,0.9797347155301701,0.5664263
Class_4,4,31,0.2012987012987013,False,0.8115942028985508,0.9025428135784672,0.8076129066723015,0.9595767328080074,0.968266456858117,0.9401973231536161,0.9885457691848668,0.23789017
Class_5,5,1,0.006493506493506494,True,0.07692307692307693,0.04,0.0,0.13043478260869565,0.8431372549019608,,,0.038708013
