class,class_index,n_positives,positive_ratio,is_rare,f1_score,pr_auc,pr_auc_ci_lower,pr_auc_ci_upper,roc_auc,roc_auc_ci_lower,roc_auc_ci_upper,optimal_threshold
Class_0,0,35,0.22875816993464052,False,0.8461538461538461,0.8934549044824134,0.8033425001957597,0.9642107741273387,0.9639225181598062,0.9312425356282618,0.9861541865799524,0.33211565
Class_1,1,1,0.006535947712418301,True,0.25,0.14285714285714285,0.0,0.5,0.9605263157894737,,,0.11166428
Class_2,2,24,0.1568627450980392,False,0.6666666666666666,0.756980679197174,0.5954668928689392,0.8872974364553136,0.9215116279069767,0.8618671874999999,0.9688048084323467,0.16243684
Class_3,3,54,0.35294117647058826,False,0.8828828828828829,0.9091616682920411,0.8225412818207407,0.9718365719065577,0.9566030677141789,0.9230039963656487,0.9838783908974298,0.6132645
Class_4,4,39,0.2549019607843137,False,0.8192771084337349,0.8688895409661984,0.7704226469073447,0.9377205111071134,0.9437696806117859,0.8983847736625515,0.9754899410703594,0.47562164
Class_5,5,3,0.0196078431372549,True,0.4,0.2232587064676617,0.0,0.8274404761904757,0.8244444444444444,,,0.35208544
