class,class_index,n_positives,positive_ratio,is_rare,f1_score,pr_auc,pr_auc_ci_lower,pr_auc_ci_upper,roc_auc,roc_auc_ci_lower,roc_auc_ci_upper,optimal_threshold
Class_0,0,28,0.18181818181818182,False,0.8214285714285714,0.9038858835038982,0.8078455288304667,0.9666960963618267,0.9744897959183674,0.9493801296833881,0.99213679807092,0.7636489
Class_1,1,1,0.006493506493506494,True,0.018691588785046728,0.009433962264150943,0.0,0.030303030303030304,0.3137254901960784,,,0.00090400997
Class_2,2,32,0.2077922077922078,False,0.8181818181818182,0.8916387187977857,0.7882437778885784,0.9622530511198906,0.9464651639344261,0.8897108609068628,0.983448907907825,0.16492936
Class_3,3,60,0.38961038961038963,False,0.8721804511278195,0.9307804936658974,0.8645069712004023,0.9794326892100435,0.9613475177304965,0.9321698593144007,0.9843334080440365,0.22027235
Class_4,4,37,0.24025974025974026,False,0.9066666666666666,0.958533321983423,0.9091850689316482,0.9898455674926263,0.9822129822129824,0.9595713106043685,0.9958062079193445,0.4265749
Class_5,5,3,0.01948051948051948,True,0.2,0.08459721237892746,0.0,0.30594370092117185,0.7704194260485651,,,0.030833205
