class,class_index,n_positives,positive_ratio,is_rare,f1_score,pr_auc,pr_auc_ci_lower,pr_auc_ci_upper,roc_auc,roc_auc_ci_lower,roc_auc_ci_upper,optimal_threshold
Class_0,0,25,0.16339869281045752,False,0.8679245283018868,0.9207673283827484,0.8299782999812128,0.9823464091635387,0.98125,0.9612387663549561,0.9967688880853321,0.6017975
Class_1,1,2,0.013071895424836602,True,0.14285714285714285,0.06207482993197279,0.0,0.25,0.8079470198675497,,,0.02944569
Class_2,2,25,0.16339869281045752,False,0.7857142857142857,0.6487615309460166,0.49515824292380445,0.8778022571571849,0.94984375,0.9123761904761905,0.9797129640044995,0.5192916
Class_3,3,71,0.46405228758169936,False,0.8920863309352518,0.9631989205438836,0.9342582201602845,0.9841735673971443,0.961782892476812,0.931821452694696,0.9827452153110048,0.3869938
Class_4,4,38,0.24836601307189543,False,0.8333333333333334,0.902857511974217,0.828701198198489,0.9615326001223333,0.9633867276887872,0.9321443224712339,0.9856087869245763,0.26004964
Class_5,5,1,0.006535947712418301,True,1.0,1.0,0.0,1.0,1.0,,,0.30477452
